battle_index,step_index,player,category,subcategory
0,0,p1,attack,neutral_attack
0,1,p1,attack,neutral_attack
0,2,p1,attack,neutral_attack
0,3,p1,attack,neutral_attack
0,4,p1,attack,neutral_attack
0,5,p1,attack,neutral_attack
0,6,p1,switch,forced_switch
0,7,p1,attack,neutral_attack
0,8,p1,attack,neutral_attack
0,9,p1,attack,neutral_attack
0,10,p1,attack,neutral_attack
0,11,p1,attack,neutral_attack
0,12,p1,attack,neutral_attack
5,0,p1,attack,super_effective_attack
5,1,p1,attack,neutral_attack
5,2,p1,attack,neutral_attack
5,3,p1,attack,neutral_attack
5,4,p1,attack,neutral_attack
5,5,p1,attack,neutral_attack
5,6,p1,attack,neutral_attack
5,7,p1,attack,neutral_attack
5,8,p1,switch,no_move_options_switch
5,9,p1,attack,neutral_attack
5,10,p1,attack,neutral_attack
5,11,p1,attack,neutral_attack
5,12,p1,attack,neutral_attack
5,13,p1,attack,neutral_attack
5,14,p1,attack,neutral_attack
6,0,p1,attack,neutral_attack
6,1,p1,attack,neutral_attack
6,2,p1,attack,neutral_attack
6,3,p1,attack,neutral_attack
6,4,p1,attack,neutral_attack
6,5,p1,switch,forced_switch
6,6,p1,attack,neutral_attack
6,7,p1,attack,neutral_attack
6,8,p1,attack,neutral_attack
6,9,p1,attack,neutral_attack
6,10,p1,attack,neutral_attack
6,11,p1,attack,neutral_attack
6,12,p1,attack,neutral_attack
6,13,p1,switch,forced_switch
6,14,p1,attack,neutral_attack
6,15,p1,unknown,unparseable_move
6,16,p1,switch,forced_switch
6,17,p1,attack,neutral_attack
3,0,p1,attack,neutral_attack
3,1,p1,attack,neutral_attack
3,2,p1,attack,neutral_attack
3,3,p1,attack,neutral_attack
3,4,p1,attack,neutral_attack
3,5,p1,attack,neutral_attack
3,6,p1,attack,neutral_attack
3,7,p1,attack,neutral_attack
3,8,p1,attack,neutral_attack
3,9,p1,attack,neutral_attack
3,10,p1,attack,neutral_attack
3,11,p1,attack,neutral_attack
3,12,p1,attack,neutral_attack
3,13,p1,attack,neutral_attack
3,14,p1,attack,neutral_attack
3,15,p1,attack,neutral_attack
3,16,p1,attack,neutral_attack
3,17,p1,attack,neutral_attack
3,18,p1,attack,neutral_attack
3,19,p1,attack,neutral_attack
3,20,p1,attack,neutral_attack
3,21,p1,switch,forced_switch
3,22,p1,attack,neutral_attack
7,0,p1,attack,neutral_attack
7,1,p1,attack,neutral_attack
7,2,p1,attack,neutral_attack
7,3,p1,attack,neutral_attack
7,4,p1,attack,neutral_attack
7,5,p1,attack,neutral_attack
7,6,p1,attack,neutral_attack
7,7,p1,attack,neutral_attack
7,8,p1,attack,neutral_attack
7,9,p1,attack,neutral_attack
7,10,p1,attack,neutral_attack
7,11,p1,attack,neutral_attack
7,12,p1,switch,forced_switch
7,13,p1,attack,neutral_attack
7,14,p1,attack,neutral_attack
7,15,p1,attack,neutral_attack
7,16,p1,switch,forced_switch
7,17,p1,attack,neutral_attack
7,18,p1,attack,neutral_attack
7,19,p1,attack,neutral_attack
7,20,p1,attack,neutral_attack
7,21,p1,attack,neutral_attack
7,22,p1,attack,neutral_attack
7,23,p1,switch,forced_switch
7,24,p1,attack,neutral_attack
7,25,p1,attack,neutral_attack
7,26,p1,switch,forced_switch
7,27,p1,attack,neutral_attack
8,0,p1,attack,neutral_attack
8,1,p1,attack,neutral_attack
8,2,p1,attack,neutral_attack
8,3,p1,attack,neutral_attack
8,4,p1,attack,neutral_attack
8,5,p1,attack,neutral_attack
8,6,p1,attack,neutral_attack
8,7,p1,attack,neutral_attack
8,8,p1,attack,neutral_attack
8,9,p1,attack,neutral_attack
8,10,p1,attack,neutral_attack
8,11,p1,attack,neutral_attack
8,12,p1,attack,neutral_attack
8,13,p1,attack,neutral_attack
8,14,p1,attack,neutral_attack
4,0,p1,switch,voluntary_switch
4,1,p1,attack,super_effective_attack
4,2,p1,attack,super_effective_attack
4,3,p1,attack,neutral_attack
4,4,p1,attack,neutral_attack
4,5,p1,attack,neutral_attack
4,6,p1,attack,super_effective_attack
4,7,p1,attack,super_effective_attack
4,8,p1,attack,neutral_attack
4,9,p1,attack,super_effective_attack
4,10,p1,attack,neutral_attack
4,11,p1,attack,neutral_attack
4,12,p1,attack,super_effective_attack
4,13,p1,attack,neutral_attack
4,14,p1,attack,super_effective_attack
4,15,p1,attack,neutral_attack
4,16,p1,attack,neutral_attack
4,17,p1,attack,super_effective_attack
4,18,p1,attack,neutral_attack
4,19,p1,attack,neutral_attack
4,20,p1,attack,neutral_attack
4,21,p1,attack,neutral_attack
4,22,p1,switch,forced_switch
4,23,p1,attack,neutral_attack
4,24,p1,attack,neutral_attack
4,25,p1,attack,neutral_attack
4,26,p1,attack,neutral_attack
4,27,p1,attack,neutral_attack
4,28,p1,switch,forced_switch
4,29,p1,attack,neutral_attack
1,0,p1,attack,neutral_attack
1,1,p1,attack,super_effective_attack
1,2,p1,attack,neutral_attack
1,3,p1,attack,neutral_attack
1,4,p1,attack,neutral_attack
1,5,p1,attack,neutral_attack
1,6,p1,attack,neutral_attack
1,7,p1,attack,neutral_attack
1,8,p1,attack,neutral_attack
1,9,p1,attack,super_effective_attack
1,10,p1,attack,neutral_attack
1,11,p1,attack,super_effective_attack
1,12,p1,attack,super_effective_attack
1,13,p1,attack,neutral_attack
1,14,p1,attack,neutral_attack
1,15,p1,switch,voluntary_switch
1,16,p1,attack,neutral_attack
1,17,p1,attack,neutral_attack
1,18,p1,attack,neutral_attack
1,19,p1,attack,neutral_attack
1,20,p1,switch,forced_switch
1,21,p1,attack,neutral_attack
1,22,p1,attack,neutral_attack
1,23,p1,attack,neutral_attack
1,24,p1,attack,neutral_attack
1,25,p1,attack,neutral_attack
1,26,p1,attack,neutral_attack
1,27,p1,attack,neutral_attack
1,28,p1,switch,forced_switch
1,29,p1,attack,super_effective_attack
1,30,p1,attack,super_effective_attack
2,0,p1,attack,neutral_attack
2,1,p1,attack,neutral_attack
2,2,p1,attack,neutral_attack
2,3,p1,attack,neutral_attack
2,4,p1,attack,neutral_attack
2,5,p1,attack,neutral_attack
2,6,p1,attack,neutral_attack
2,7,p1,attack,neutral_attack
2,8,p1,attack,neutral_attack
2,9,p1,attack,neutral_attack
2,10,p1,attack,neutral_attack
2,11,p1,attack,neutral_attack
2,12,p1,attack,neutral_attack
2,13,p1,attack,neutral_attack
2,14,p1,attack,neutral_attack
2,15,p1,attack,neutral_attack
2,16,p1,attack,neutral_attack
2,17,p1,attack,neutral_attack
2,18,p1,attack,neutral_attack
2,19,p1,attack,neutral_attack
2,20,p1,attack,neutral_attack
2,21,p1,attack,neutral_attack
2,22,p1,attack,neutral_attack
2,23,p1,attack,neutral_attack
2,24,p1,attack,neutral_attack
2,25,p1,attack,neutral_attack
2,26,p1,attack,neutral_attack
2,27,p1,switch,forced_switch
2,28,p1,attack,neutral_attack
2,29,p1,attack,neutral_attack
2,30,p1,attack,neutral_attack
2,31,p1,attack,neutral_attack
2,32,p1,attack,neutral_attack
2,33,p1,attack,neutral_attack
2,34,p1,attack,neutral_attack
9,0,p1,attack,neutral_attack
9,1,p1,attack,neutral_attack
9,2,p1,attack,neutral_attack
9,3,p1,attack,neutral_attack
9,4,p1,attack,neutral_attack
9,5,p1,switch,forced_switch
9,6,p1,attack,neutral_attack
9,7,p1,attack,neutral_attack
9,8,p1,attack,neutral_attack
9,9,p1,attack,neutral_attack
9,10,p1,switch,forced_switch
9,11,p1,attack,neutral_attack
9,12,p1,attack,neutral_attack
9,13,p1,attack,neutral_attack
9,14,p1,attack,neutral_attack
9,15,p1,attack,neutral_attack
9,16,p1,attack,neutral_attack
9,17,p1,attack,neutral_attack
9,18,p1,attack,neutral_attack
9,19,p1,attack,neutral_attack
9,20,p1,attack,neutral_attack
10,0,p1,attack,neutral_attack
10,1,p1,attack,neutral_attack
10,2,p1,attack,neutral_attack
10,3,p1,attack,neutral_attack
10,4,p1,attack,neutral_attack
10,5,p1,switch,forced_switch
10,6,p1,attack,super_effective_attack
10,7,p1,attack,neutral_attack
10,8,p1,attack,neutral_attack
10,9,p1,attack,super_effective_attack
10,10,p1,attack,super_effective_attack
10,11,p1,attack,neutral_attack
10,12,p1,attack,neutral_attack
10,13,p1,attack,neutral_attack
10,14,p1,attack,neutral_attack
10,15,p1,attack,neutral_attack
10,16,p1,switch,forced_switch
10,17,p1,attack,neutral_attack
10,18,p1,attack,neutral_attack
10,19,p1,attack,neutral_attack
11,0,p1,attack,neutral_attack
11,1,p1,unknown,unparseable_move
11,2,p1,attack,neutral_attack
11,3,p1,unknown,unparseable_move
11,4,p1,unknown,unparseable_move
11,5,p1,attack,neutral_attack
11,6,p1,unknown,unparseable_move
11,7,p1,attack,neutral_attack
11,8,p1,switch,forced_switch
11,9,p1,attack,neutral_attack
11,10,p1,attack,neutral_attack
11,11,p1,attack,neutral_attack
11,12,p1,attack,neutral_attack
11,13,p1,switch,forced_switch
11,14,p1,attack,neutral_attack
11,15,p1,switch,forced_switch
11,16,p1,attack,neutral_attack
11,17,p1,switch,forced_switch
11,18,p1,attack,neutral_attack
11,19,p1,switch,forced_switch
11,20,p1,attack,neutral_attack
12,0,p1,attack,neutral_attack
12,1,p1,attack,neutral_attack
12,2,p1,unknown,unparseable_move
12,3,p1,attack,neutral_attack
12,4,p1,attack,neutral_attack
12,5,p1,switch,forced_switch
12,6,p1,attack,neutral_attack
12,7,p1,attack,neutral_attack
12,8,p1,attack,neutral_attack
12,9,p1,attack,neutral_attack
12,10,p1,attack,neutral_attack
12,11,p1,attack,neutral_attack
12,12,p1,attack,neutral_attack
12,13,p1,attack,neutral_attack
12,14,p1,attack,neutral_attack
12,15,p1,attack,neutral_attack
12,16,p1,attack,neutral_attack
12,17,p1,switch,forced_switch
12,18,p1,attack,neutral_attack
12,19,p1,attack,neutral_attack
14,0,p1,attack,neutral_attack
14,1,p1,attack,neutral_attack
14,2,p1,switch,forced_switch
14,3,p1,attack,neutral_attack
14,4,p1,attack,neutral_attack
14,5,p1,attack,neutral_attack
14,6,p1,attack,neutral_attack
14,7,p1,attack,neutral_attack
14,8,p1,attack,neutral_attack
14,9,p1,attack,neutral_attack
14,10,p1,attack,neutral_attack
14,11,p1,attack,neutral_attack
14,12,p1,switch,voluntary_switch
14,13,p1,attack,neutral_attack
14,14,p1,attack,neutral_attack
14,15,p1,attack,neutral_attack
14,16,p1,attack,neutral_attack
14,17,p1,attack,neutral_attack
14,18,p1,switch,forced_switch
14,19,p1,attack,neutral_attack
14,20,p1,attack,neutral_attack
14,21,p1,switch,forced_switch
14,22,p1,attack,neutral_attack
13,0,p1,attack,neutral_attack
13,1,p1,attack,neutral_attack
13,2,p1,attack,neutral_attack
13,3,p1,attack,neutral_attack
13,4,p1,attack,neutral_attack
13,5,p1,attack,neutral_attack
13,6,p1,attack,neutral_attack
13,7,p1,attack,neutral_attack
13,8,p1,attack,neutral_attack
13,9,p1,attack,neutral_attack
13,10,p1,attack,neutral_attack
13,11,p1,attack,neutral_attack
13,12,p1,attack,neutral_attack
13,13,p1,attack,neutral_attack
13,14,p1,attack,neutral_attack
13,15,p1,attack,neutral_attack
13,16,p1,attack,neutral_attack
13,17,p1,attack,neutral_attack
13,18,p1,attack,neutral_attack
13,19,p1,attack,neutral_attack
13,20,p1,switch,forced_switch
13,21,p1,attack,neutral_attack
13,22,p1,switch,forced_switch
13,23,p1,attack,neutral_attack
13,24,p1,attack,neutral_attack
13,25,p1,attack,neutral_attack
15,0,p1,attack,neutral_attack
15,1,p1,attack,neutral_attack
15,2,p1,attack,neutral_attack
15,3,p1,attack,neutral_attack
15,4,p1,attack,neutral_attack
15,5,p1,attack,neutral_attack
15,6,p1,attack,neutral_attack
15,7,p1,attack,neutral_attack
15,8,p1,switch,forced_switch
15,9,p1,attack,neutral_attack
15,10,p1,attack,neutral_attack
15,11,p1,attack,neutral_attack
15,12,p1,attack,neutral_attack
15,13,p1,attack,neutral_attack
15,14,p1,attack,neutral_attack
15,15,p1,switch,forced_switch
15,16,p1,attack,neutral_attack
15,17,p1,attack,neutral_attack
15,18,p1,attack,neutral_attack
15,19,p1,attack,neutral_attack
15,20,p1,attack,neutral_attack
15,21,p1,attack,neutral_attack
15,22,p1,attack,neutral_attack
15,23,p1,attack,neutral_attack
15,24,p1,attack,neutral_attack
15,25,p1,attack,neutral_attack
17,0,p1,attack,neutral_attack
17,1,p1,attack,neutral_attack
17,2,p1,attack,neutral_attack
17,3,p1,switch,voluntary_switch
17,4,p1,attack,neutral_attack
17,5,p1,attack,neutral_attack
17,6,p1,attack,neutral_attack
17,7,p1,attack,neutral_attack
17,8,p1,attack,neutral_attack
17,9,p1,attack,neutral_attack
17,10,p1,attack,neutral_attack
17,11,p1,switch,forced_switch
17,12,p1,attack,neutral_attack
17,13,p1,attack,neutral_attack
17,14,p1,attack,neutral_attack
17,15,p1,switch,forced_switch
17,16,p1,attack,neutral_attack
17,17,p1,attack,neutral_attack
17,18,p1,switch,forced_switch
17,19,p1,attack,neutral_attack
17,20,p1,attack,neutral_attack
17,21,p1,attack,neutral_attack
18,0,p1,attack,neutral_attack
18,1,p1,attack,neutral_attack
18,2,p1,switch,forced_switch
18,3,p1,attack,neutral_attack
18,4,p1,attack,neutral_attack
18,5,p1,attack,neutral_attack
18,6,p1,attack,neutral_attack
18,7,p1,attack,neutral_attack
18,8,p1,attack,neutral_attack
18,9,p1,attack,neutral_attack
18,10,p1,switch,forced_switch
18,11,p1,attack,neutral_attack
18,12,p1,attack,neutral_attack
18,13,p1,attack,neutral_attack
18,14,p1,attack,neutral_attack
18,15,p1,attack,neutral_attack
18,16,p1,attack,neutral_attack
18,17,p1,attack,neutral_attack
18,18,p1,switch,forced_switch
18,19,p1,attack,super_effective_attack
16,0,p1,attack,neutral_attack
16,1,p1,switch,voluntary_switch
16,2,p1,attack,neutral_attack
16,3,p1,attack,neutral_attack
16,4,p1,attack,neutral_attack
16,5,p1,attack,neutral_attack
16,6,p1,attack,neutral_attack
16,7,p1,attack,neutral_attack
16,8,p1,attack,neutral_attack
16,9,p1,attack,neutral_attack
16,10,p1,attack,neutral_attack
16,11,p1,attack,neutral_attack
16,12,p1,attack,neutral_attack
16,13,p1,attack,neutral_attack
16,14,p1,switch,forced_switch
16,15,p1,attack,neutral_attack
16,16,p1,attack,neutral_attack
16,17,p1,attack,neutral_attack
16,18,p1,attack,neutral_attack
16,19,p1,attack,neutral_attack
16,20,p1,attack,neutral_attack
16,21,p1,attack,neutral_attack
16,22,p1,attack,neutral_attack
16,23,p1,attack,neutral_attack
16,24,p1,attack,neutral_attack
16,25,p1,attack,neutral_attack
19,0,p1,attack,neutral_attack
19,1,p1,attack,neutral_attack
19,2,p1,attack,neutral_attack
19,3,p1,attack,neutral_attack
19,4,p1,attack,neutral_attack
19,5,p1,attack,neutral_attack
19,6,p1,attack,neutral_attack
19,7,p1,attack,neutral_attack
19,8,p1,attack,neutral_attack
19,9,p1,attack,neutral_attack
19,10,p1,attack,neutral_attack
19,11,p1,attack,neutral_attack
19,12,p1,attack,neutral_attack
19,13,p1,attack,neutral_attack
19,14,p1,attack,neutral_attack
19,15,p1,attack,neutral_attack
19,16,p1,attack,neutral_attack
19,17,p1,switch,forced_switch
19,18,p1,attack,neutral_attack
19,19,p1,attack,neutral_attack
19,20,p1,attack,neutral_attack
19,21,p1,attack,neutral_attack
19,22,p1,attack,neutral_attack
19,23,p1,attack,neutral_attack
19,24,p1,switch,forced_switch
19,25,p1,attack,neutral_attack
19,26,p1,attack,neutral_attack
19,27,p1,attack,neutral_attack
20,0,p1,attack,neutral_attack
20,1,p1,attack,neutral_attack
20,2,p1,attack,super_effective_attack
20,3,p1,attack,super_effective_attack
20,4,p1,attack,super_effective_attack
20,5,p1,attack,super_effective_attack
20,6,p1,attack,super_effective_attack
20,7,p1,attack,super_effective_attack
20,8,p1,switch,forced_switch
20,9,p1,attack,neutral_attack
20,10,p1,attack,neutral_attack
20,11,p1,attack,neutral_attack
20,12,p1,attack,neutral_attack
20,13,p1,attack,neutral_attack
20,14,p1,attack,neutral_attack
20,15,p1,attack,neutral_attack
20,16,p1,attack,neutral_attack
20,17,p1,attack,neutral_attack
20,18,p1,attack,neutral_attack
20,19,p1,attack,neutral_attack
20,20,p1,attack,neutral_attack
20,21,p1,attack,neutral_attack
20,22,p1,switch,forced_switch
20,23,p1,attack,neutral_attack
20,24,p1,attack,neutral_attack
20,25,p1,attack,neutral_attack
22,0,p1,attack,neutral_attack
22,1,p1,attack,neutral_attack
22,2,p1,attack,neutral_attack
22,3,p1,attack,neutral_attack
22,4,p1,attack,neutral_attack
22,5,p1,attack,neutral_attack
22,6,p1,switch,forced_switch
22,7,p1,attack,neutral_attack
22,8,p1,attack,neutral_attack
22,9,p1,attack,neutral_attack
22,10,p1,attack,neutral_attack
22,11,p1,switch,forced_switch
22,12,p1,attack,neutral_attack
22,13,p1,attack,neutral_attack
22,14,p1,attack,neutral_attack
22,15,p1,switch,forced_switch
22,16,p1,attack,neutral_attack
22,17,p1,attack,neutral_attack
22,18,p1,attack,neutral_attack
22,19,p1,attack,neutral_attack
22,20,p1,attack,neutral_attack
22,21,p1,attack,neutral_attack
25,0,p1,attack,neutral_attack
25,1,p1,attack,neutral_attack
25,2,p1,attack,neutral_attack
25,3,p1,attack,neutral_attack
25,4,p1,attack,neutral_attack
25,5,p1,attack,neutral_attack
25,6,p1,attack,neutral_attack
25,7,p1,switch,forced_switch
25,8,p1,attack,neutral_attack
25,9,p1,attack,neutral_attack
25,10,p1,attack,neutral_attack
25,11,p1,switch,forced_switch
25,12,p1,attack,neutral_attack
25,13,p1,attack,neutral_attack
25,14,p1,attack,neutral_attack
25,15,p1,attack,neutral_attack
25,16,p1,attack,neutral_attack
25,17,p1,switch,forced_switch
25,18,p1,attack,neutral_attack
25,19,p1,attack,neutral_attack
25,20,p1,attack,neutral_attack
26,0,p1,attack,neutral_attack
26,1,p1,attack,neutral_attack
26,2,p1,attack,neutral_attack
26,3,p1,attack,neutral_attack
26,4,p1,attack,neutral_attack
26,5,p1,attack,neutral_attack
26,6,p1,attack,neutral_attack
26,7,p1,attack,neutral_attack
26,8,p1,switch,no_move_options_switch
26,9,p1,attack,neutral_attack
26,10,p1,attack,neutral_attack
26,11,p1,attack,neutral_attack
26,12,p1,attack,neutral_attack
26,13,p1,attack,neutral_attack
26,14,p1,switch,forced_switch
26,15,p1,attack,neutral_attack
26,16,p1,attack,neutral_attack
26,17,p1,switch,forced_switch
26,18,p1,attack,neutral_attack
26,19,p1,attack,neutral_attack
26,20,p1,attack,neutral_attack
26,21,p1,switch,forced_switch
26,22,p1,attack,neutral_attack
24,0,p1,attack,neutral_attack
24,1,p1,attack,neutral_attack
24,2,p1,attack,neutral_attack
24,3,p1,attack,neutral_attack
24,4,p1,attack,neutral_attack
24,5,p1,attack,neutral_attack
24,6,p1,attack,neutral_attack
24,7,p1,attack,neutral_attack
24,8,p1,switch,voluntary_switch
24,9,p1,attack,neutral_attack
24,10,p1,attack,neutral_attack
24,11,p1,attack,neutral_attack
24,12,p1,attack,neutral_attack
24,13,p1,attack,neutral_attack
24,14,p1,attack,neutral_attack
24,15,p1,attack,neutral_attack
24,16,p1,attack,neutral_attack
24,17,p1,switch,no_move_options_switch
24,18,p1,attack,neutral_attack
24,19,p1,attack,neutral_attack
24,20,p1,attack,neutral_attack
24,21,p1,attack,neutral_attack
24,22,p1,attack,neutral_attack
24,23,p1,attack,neutral_attack
24,24,p1,attack,neutral_attack
24,25,p1,attack,neutral_attack
24,26,p1,attack,neutral_attack
21,0,p1,attack,neutral_attack
21,1,p1,attack,neutral_attack
21,2,p1,attack,neutral_attack
21,3,p1,attack,neutral_attack
21,4,p1,switch,voluntary_switch
21,5,p1,attack,neutral_attack
21,6,p1,attack,neutral_attack
21,7,p1,attack,neutral_attack
21,8,p1,attack,neutral_attack
21,9,p1,attack,neutral_attack
21,10,p1,attack,neutral_attack
21,11,p1,attack,neutral_attack
21,12,p1,attack,neutral_attack
21,13,p1,attack,neutral_attack
21,14,p1,attack,neutral_attack
21,15,p1,switch,forced_switch
21,16,p1,attack,super_effective_attack
21,17,p1,switch,voluntary_switch
21,18,p1,attack,neutral_attack
21,19,p1,attack,neutral_attack
21,20,p1,attack,neutral_attack
21,21,p1,attack,neutral_attack
21,22,p1,attack,neutral_attack
21,23,p1,attack,neutral_attack
21,24,p1,attack,neutral_attack
21,25,p1,attack,neutral_attack
21,26,p1,attack,neutral_attack
21,27,p1,attack,neutral_attack
21,28,p1,switch,forced_switch
21,29,p1,attack,neutral_attack
21,30,p1,attack,neutral_attack
21,31,p1,attack,neutral_attack
21,32,p1,attack,neutral_attack
21,33,p1,attack,neutral_attack
21,34,p1,attack,neutral_attack
27,0,p1,attack,neutral_attack
27,1,p1,attack,neutral_attack
27,2,p1,attack,neutral_attack
27,3,p1,attack,neutral_attack
27,4,p1,attack,neutral_attack
27,5,p1,attack,neutral_attack
27,6,p1,attack,neutral_attack
27,7,p1,attack,neutral_attack
27,8,p1,attack,neutral_attack
27,9,p1,attack,neutral_attack
27,10,p1,attack,neutral_attack
27,11,p1,switch,forced_switch
27,12,p1,attack,neutral_attack
27,13,p1,attack,neutral_attack
27,14,p1,attack,neutral_attack
27,15,p1,attack,neutral_attack
27,16,p1,switch,forced_switch
27,17,p1,attack,neutral_attack
27,18,p1,attack,neutral_attack
27,19,p1,attack,neutral_attack
23,0,p1,attack,neutral_attack
23,1,p1,attack,neutral_attack
23,2,p1,attack,neutral_attack
23,3,p1,attack,neutral_attack
23,4,p1,attack,neutral_attack
23,5,p1,attack,neutral_attack
23,6,p1,switch,voluntary_switch
23,7,p1,attack,neutral_attack
23,8,p1,attack,neutral_attack
23,9,p1,attack,neutral_attack
23,10,p1,attack,neutral_attack
23,11,p1,switch,forced_switch
23,12,p1,attack,neutral_attack
23,13,p1,attack,neutral_attack
23,14,p1,attack,neutral_attack
23,15,p1,switch,forced_switch
23,16,p1,attack,neutral_attack
23,17,p1,attack,neutral_attack
23,18,p1,attack,neutral_attack
23,19,p1,attack,neutral_attack
23,20,p1,attack,neutral_attack
23,21,p1,attack,neutral_attack
23,22,p1,attack,neutral_attack
23,23,p1,attack,neutral_attack
23,24,p1,attack,neutral_attack
23,25,p1,attack,neutral_attack
23,26,p1,attack,neutral_attack
23,27,p1,attack,neutral_attack
23,28,p1,attack,neutral_attack
23,29,p1,attack,neutral_attack
23,30,p1,attack,neutral_attack
23,31,p1,switch,forced_switch
23,32,p1,attack,neutral_attack
23,33,p1,unknown,unparseable_move
23,34,p1,unknown,unparseable_move
23,35,p1,switch,forced_switch
23,36,p1,attack,neutral_attack
28,0,p1,attack,neutral_attack
28,1,p1,attack,neutral_attack
28,2,p1,attack,neutral_attack
28,3,p1,switch,forced_switch
28,4,p1,attack,neutral_attack
28,5,p1,attack,neutral_attack
28,6,p1,attack,neutral_attack
28,7,p1,attack,neutral_attack
28,8,p1,attack,neutral_attack
28,9,p1,switch,forced_switch
28,10,p1,attack,neutral_attack
28,11,p1,attack,neutral_attack
28,12,p1,attack,neutral_attack
28,13,p1,attack,neutral_attack
28,14,p1,attack,neutral_attack
28,15,p1,attack,neutral_attack
28,16,p1,attack,neutral_attack
28,17,p1,switch,voluntary_switch
28,18,p1,attack,neutral_attack
28,19,p1,attack,neutral_attack
28,20,p1,switch,forced_switch
28,21,p1,attack,neutral_attack
28,22,p1,attack,neutral_attack
30,0,p1,attack,neutral_attack
30,1,p1,attack,neutral_attack
30,2,p1,attack,neutral_attack
30,3,p1,attack,neutral_attack
30,4,p1,attack,neutral_attack
30,5,p1,attack,neutral_attack
30,6,p1,attack,neutral_attack
30,7,p1,attack,neutral_attack
30,8,p1,attack,neutral_attack
30,9,p1,attack,neutral_attack
30,10,p1,attack,neutral_attack
30,11,p1,switch,forced_switch
30,12,p1,attack,neutral_attack
30,13,p1,attack,neutral_attack
30,14,p1,attack,neutral_attack
30,15,p1,attack,neutral_attack
30,16,p1,attack,neutral_attack
30,17,p1,attack,neutral_attack
30,18,p1,switch,forced_switch
30,19,p1,attack,neutral_attack
32,0,p1,attack,neutral_attack
32,1,p1,attack,neutral_attack
32,2,p1,switch,forced_switch
32,3,p1,attack,neutral_attack
32,4,p1,attack,neutral_attack
32,5,p1,attack,neutral_attack
32,6,p1,attack,neutral_attack
32,7,p1,switch,forced_switch
32,8,p1,attack,neutral_attack
32,9,p1,attack,neutral_attack
32,10,p1,attack,neutral_attack
32,11,p1,switch,forced_switch
32,12,p1,attack,neutral_attack
32,13,p1,attack,neutral_attack
32,14,p1,attack,neutral_attack
32,15,p1,attack,neutral_attack
32,16,p1,attack,neutral_attack
32,17,p1,switch,forced_switch
32,18,p1,attack,neutral_attack
32,19,p1,attack,neutral_attack
32,20,p1,attack,neutral_attack
33,0,p1,attack,neutral_attack
33,1,p1,unknown,unparseable_move
33,2,p1,unknown,unparseable_move
33,3,p1,attack,neutral_attack
33,4,p1,unknown,unparseable_move
33,5,p1,attack,neutral_attack
33,6,p1,switch,voluntary_switch
33,7,p1,attack,neutral_attack
33,8,p1,attack,neutral_attack
33,9,p1,attack,neutral_attack
33,10,p1,attack,neutral_attack
33,11,p1,switch,forced_switch
33,12,p1,attack,neutral_attack
33,13,p1,attack,neutral_attack
33,14,p1,attack,neutral_attack
33,15,p1,attack,neutral_attack
33,16,p1,attack,neutral_attack
33,17,p1,attack,neutral_attack
33,18,p1,attack,neutral_attack
33,19,p1,unknown,unparseable_move
34,0,p1,attack,neutral_attack
34,1,p1,attack,neutral_attack
34,2,p1,attack,neutral_attack
34,3,p1,attack,super_effective_attack
34,4,p1,attack,neutral_attack
34,5,p1,attack,super_effective_attack
34,6,p1,attack,neutral_attack
34,7,p1,attack,neutral_attack
34,8,p1,switch,forced_switch
34,9,p1,attack,neutral_attack
34,10,p1,attack,neutral_attack
34,11,p1,attack,neutral_attack
34,12,p1,attack,neutral_attack
34,13,p1,attack,neutral_attack
34,14,p1,switch,forced_switch
34,15,p1,attack,neutral_attack
34,16,p1,attack,neutral_attack
29,0,p1,attack,neutral_attack
29,1,p1,attack,neutral_attack
29,2,p1,attack,neutral_attack
29,3,p1,attack,neutral_attack
29,4,p1,switch,forced_switch
29,5,p1,attack,neutral_attack
29,6,p1,attack,neutral_attack
29,7,p1,attack,neutral_attack
29,8,p1,attack,neutral_attack
29,9,p1,attack,neutral_attack
29,10,p1,attack,neutral_attack
29,11,p1,attack,neutral_attack
29,12,p1,attack,neutral_attack
29,13,p1,attack,neutral_attack
29,14,p1,attack,neutral_attack
29,15,p1,attack,neutral_attack
29,16,p1,attack,neutral_attack
29,17,p1,attack,neutral_attack
29,18,p1,attack,neutral_attack
29,19,p1,attack,neutral_attack
29,20,p1,attack,neutral_attack
29,21,p1,attack,neutral_attack
29,22,p1,attack,neutral_attack
29,23,p1,attack,neutral_attack
29,24,p1,attack,neutral_attack
29,25,p1,attack,neutral_attack
29,26,p1,attack,neutral_attack
29,27,p1,attack,neutral_attack
29,28,p1,attack,neutral_attack
29,29,p1,attack,neutral_attack
29,30,p1,attack,neutral_attack
29,31,p1,switch,forced_switch
29,32,p1,attack,neutral_attack
29,33,p1,attack,neutral_attack
29,34,p1,attack,neutral_attack
35,0,p1,attack,neutral_attack
35,1,p1,attack,neutral_attack
35,2,p1,attack,neutral_attack
35,3,p1,attack,neutral_attack
35,4,p1,switch,forced_switch
35,5,p1,attack,neutral_attack
35,6,p1,attack,neutral_attack
35,7,p1,attack,neutral_attack
35,8,p1,attack,neutral_attack
35,9,p1,attack,neutral_attack
35,10,p1,attack,neutral_attack
35,11,p1,attack,neutral_attack
35,12,p1,attack,neutral_attack
35,13,p1,switch,voluntary_switch
35,14,p1,attack,neutral_attack
35,15,p1,attack,neutral_attack
35,16,p1,attack,neutral_attack
35,17,p1,attack,neutral_attack
35,18,p1,attack,neutral_attack
35,19,p1,attack,neutral_attack
35,20,p1,switch,forced_switch
35,21,p1,attack,neutral_attack
31,0,p1,attack,neutral_attack
31,1,p1,attack,neutral_attack
31,2,p1,attack,neutral_attack
31,3,p1,attack,neutral_attack
31,4,p1,attack,neutral_attack
31,5,p1,attack,neutral_attack
31,6,p1,attack,neutral_attack
31,7,p1,attack,neutral_attack
31,8,p1,attack,neutral_attack
31,9,p1,attack,neutral_attack
31,10,p1,attack,neutral_attack
31,11,p1,switch,forced_switch
31,12,p1,attack,neutral_attack
31,13,p1,attack,neutral_attack
31,14,p1,attack,neutral_attack
31,15,p1,attack,neutral_attack
31,16,p1,attack,neutral_attack
31,17,p1,attack,neutral_attack
31,18,p1,attack,neutral_attack
31,19,p1,switch,forced_switch
31,20,p1,attack,neutral_attack
31,21,p1,attack,neutral_attack
31,22,p1,attack,neutral_attack
31,23,p1,attack,neutral_attack
31,24,p1,attack,neutral_attack
31,25,p1,attack,neutral_attack
31,26,p1,attack,neutral_attack
31,27,p1,attack,neutral_attack
31,28,p1,attack,neutral_attack
31,29,p1,attack,neutral_attack
31,30,p1,attack,neutral_attack
31,31,p1,attack,neutral_attack
31,32,p1,attack,neutral_attack
31,33,p1,attack,neutral_attack
31,34,p1,attack,neutral_attack
31,35,p1,attack,neutral_attack
31,36,p1,attack,neutral_attack
37,0,p1,attack,neutral_attack
37,1,p1,attack,neutral_attack
37,2,p1,attack,neutral_attack
37,3,p1,attack,neutral_attack
37,4,p1,attack,neutral_attack
37,5,p1,attack,neutral_attack
37,6,p1,attack,neutral_attack
37,7,p1,attack,neutral_attack
37,8,p1,attack,neutral_attack
37,9,p1,attack,neutral_attack
37,10,p1,attack,neutral_attack
37,11,p1,attack,neutral_attack
37,12,p1,attack,neutral_attack
37,13,p1,attack,neutral_attack
37,14,p1,attack,neutral_attack
37,15,p1,attack,neutral_attack
37,16,p1,attack,neutral_attack
37,17,p1,attack,neutral_attack
37,18,p1,attack,neutral_attack
37,19,p1,attack,neutral_attack
37,20,p1,attack,neutral_attack
37,21,p1,attack,neutral_attack
37,22,p1,attack,neutral_attack
37,23,p1,switch,forced_switch
37,24,p1,attack,resisted_attack
39,0,p1,attack,neutral_attack
39,1,p1,attack,neutral_attack
39,2,p1,attack,neutral_attack
39,3,p1,attack,neutral_attack
39,4,p1,attack,neutral_attack
39,5,p1,attack,neutral_attack
39,6,p1,attack,neutral_attack
39,7,p1,attack,neutral_attack
39,8,p1,attack,neutral_attack
39,9,p1,switch,forced_switch
39,10,p1,attack,neutral_attack
39,11,p1,attack,neutral_attack
39,12,p1,attack,neutral_attack
39,13,p1,attack,neutral_attack
39,14,p1,attack,neutral_attack
39,15,p1,attack,neutral_attack
40,0,p1,attack,neutral_attack
40,1,p1,attack,neutral_attack
40,2,p1,attack,neutral_attack
40,3,p1,attack,neutral_attack
40,4,p1,attack,neutral_attack
40,5,p1,attack,neutral_attack
40,6,p1,attack,neutral_attack
40,7,p1,attack,neutral_attack
40,8,p1,switch,forced_switch
40,9,p1,attack,neutral_attack
40,10,p1,attack,neutral_attack
40,11,p1,attack,neutral_attack
40,12,p1,attack,neutral_attack
40,13,p1,switch,forced_switch
40,14,p1,attack,neutral_attack
40,15,p1,attack,neutral_attack
40,16,p1,attack,neutral_attack
38,0,p1,attack,neutral_attack
38,1,p1,attack,neutral_attack
38,2,p1,attack,neutral_attack
38,3,p1,attack,neutral_attack
38,4,p1,attack,neutral_attack
38,5,p1,attack,neutral_attack
38,6,p1,attack,neutral_attack
38,7,p1,attack,neutral_attack
38,8,p1,attack,neutral_attack
38,9,p1,switch,voluntary_switch
38,10,p1,attack,neutral_attack
38,11,p1,attack,neutral_attack
38,12,p1,attack,neutral_attack
38,13,p1,attack,neutral_attack
38,14,p1,attack,neutral_attack
38,15,p1,attack,neutral_attack
38,16,p1,attack,neutral_attack
38,17,p1,attack,neutral_attack
38,18,p1,attack,neutral_attack
38,19,p1,switch,forced_switch
38,20,p1,attack,super_effective_attack
36,0,p1,attack,neutral_attack
36,1,p1,attack,neutral_attack
36,2,p1,attack,neutral_attack
36,3,p1,attack,neutral_attack
36,4,p1,attack,neutral_attack
36,5,p1,attack,neutral_attack
36,6,p1,attack,neutral_attack
36,7,p1,attack,neutral_attack
36,8,p1,attack,neutral_attack
36,9,p1,attack,neutral_attack
36,10,p1,attack,neutral_attack
36,11,p1,attack,neutral_attack
36,12,p1,attack,neutral_attack
36,13,p1,attack,neutral_attack
36,14,p1,attack,neutral_attack
36,15,p1,attack,neutral_attack
36,16,p1,attack,neutral_attack
36,17,p1,attack,neutral_attack
36,18,p1,attack,neutral_attack
36,19,p1,attack,neutral_attack
36,20,p1,switch,forced_switch
36,21,p1,attack,neutral_attack
36,22,p1,attack,neutral_attack
36,23,p1,attack,neutral_attack
36,24,p1,attack,neutral_attack
36,25,p1,attack,neutral_attack
36,26,p1,attack,neutral_attack
36,27,p1,attack,neutral_attack
36,28,p1,attack,neutral_attack
36,29,p1,attack,neutral_attack
36,30,p1,attack,neutral_attack
36,31,p1,attack,neutral_attack
36,32,p1,attack,neutral_attack
36,33,p1,switch,forced_switch
36,34,p1,attack,neutral_attack
36,35,p1,attack,neutral_attack
36,36,p1,unknown,unparseable_move
43,0,p1,attack,neutral_attack
43,1,p1,attack,neutral_attack
43,2,p1,attack,neutral_attack
43,3,p1,attack,neutral_attack
43,4,p1,switch,forced_switch
43,5,p1,attack,neutral_attack
43,6,p1,attack,neutral_attack
43,7,p1,attack,neutral_attack
43,8,p1,attack,neutral_attack
43,9,p1,attack,neutral_attack
43,10,p1,attack,neutral_attack
43,11,p1,attack,neutral_attack
43,12,p1,attack,neutral_attack
43,13,p1,attack,neutral_attack
43,14,p1,attack,neutral_attack
43,15,p1,switch,voluntary_switch
43,16,p1,attack,neutral_attack
43,17,p1,attack,neutral_attack
45,0,p1,attack,super_effective_attack
45,1,p1,attack,super_effective_attack
45,2,p1,attack,resisted_attack
45,3,p1,attack,super_effective_attack
45,4,p1,attack,super_effective_attack
45,5,p1,attack,resisted_attack
45,6,p1,attack,resisted_attack
45,7,p1,switch,forced_switch
45,8,p1,attack,neutral_attack
45,9,p1,attack,neutral_attack
45,10,p1,attack,neutral_attack
45,11,p1,attack,neutral_attack
45,12,p1,attack,neutral_attack
45,13,p1,attack,neutral_attack
45,14,p1,attack,neutral_attack
41,0,p1,attack,neutral_attack
41,1,p1,attack,neutral_attack
41,2,p1,attack,neutral_attack
41,3,p1,switch,voluntary_switch
41,4,p1,attack,neutral_attack
41,5,p1,attack,neutral_attack
41,6,p1,attack,neutral_attack
41,7,p1,attack,neutral_attack
41,8,p1,attack,neutral_attack
41,9,p1,switch,forced_switch
41,10,p1,attack,neutral_attack
41,11,p1,attack,neutral_attack
41,12,p1,attack,neutral_attack
41,13,p1,attack,neutral_attack
41,14,p1,attack,neutral_attack
41,15,p1,attack,neutral_attack
41,16,p1,attack,neutral_attack
41,17,p1,attack,neutral_attack
41,18,p1,attack,neutral_attack
41,19,p1,attack,neutral_attack
41,20,p1,attack,neutral_attack
41,21,p1,attack,neutral_attack
41,22,p1,attack,neutral_attack
41,23,p1,attack,neutral_attack
41,24,p1,switch,forced_switch
41,25,p1,attack,neutral_attack
41,26,p1,attack,neutral_attack
41,27,p1,attack,neutral_attack
41,28,p1,attack,neutral_attack
41,29,p1,attack,neutral_attack
47,0,p1,attack,neutral_attack
47,1,p1,attack,neutral_attack
47,2,p1,attack,neutral_attack
47,3,p1,switch,forced_switch
47,4,p1,attack,neutral_attack
47,5,p1,attack,neutral_attack
47,6,p1,attack,neutral_attack
47,7,p1,attack,neutral_attack
47,8,p1,switch,forced_switch
47,9,p1,attack,neutral_attack
47,10,p1,attack,neutral_attack
47,11,p1,attack,neutral_attack
47,12,p1,attack,neutral_attack
47,13,p1,attack,neutral_attack
42,0,p1,switch,voluntary_switch
42,1,p1,attack,neutral_attack
42,2,p1,attack,neutral_attack
42,3,p1,attack,neutral_attack
42,4,p1,attack,neutral_attack
42,5,p1,attack,neutral_attack
42,6,p1,attack,neutral_attack
42,7,p1,switch,forced_switch
42,8,p1,attack,neutral_attack
42,9,p1,attack,neutral_attack
42,10,p1,attack,neutral_attack
42,11,p1,attack,neutral_attack
42,12,p1,attack,neutral_attack
42,13,p1,attack,neutral_attack
42,14,p1,attack,neutral_attack
42,15,p1,attack,neutral_attack
42,16,p1,attack,neutral_attack
42,17,p1,attack,neutral_attack
42,18,p1,attack,neutral_attack
42,19,p1,switch,forced_switch
42,20,p1,attack,neutral_attack
42,21,p1,attack,neutral_attack
42,22,p1,attack,neutral_attack
42,23,p1,attack,neutral_attack
42,24,p1,switch,forced_switch
42,25,p1,attack,neutral_attack
44,0,p1,attack,neutral_attack
44,1,p1,attack,neutral_attack
44,2,p1,attack,neutral_attack
44,3,p1,attack,neutral_attack
44,4,p1,attack,neutral_attack
44,5,p1,attack,neutral_attack
44,6,p1,attack,neutral_attack
44,7,p1,switch,forced_switch
44,8,p1,attack,neutral_attack
44,9,p1,attack,neutral_attack
44,10,p1,attack,neutral_attack
44,11,p1,attack,neutral_attack
44,12,p1,attack,neutral_attack
44,13,p1,attack,neutral_attack
44,14,p1,attack,neutral_attack
44,15,p1,attack,neutral_attack
44,16,p1,attack,neutral_attack
44,17,p1,attack,neutral_attack
44,18,p1,switch,forced_switch
44,19,p1,attack,neutral_attack
50,0,p1,attack,neutral_attack
50,1,p1,attack,neutral_attack
50,2,p1,attack,neutral_attack
50,3,p1,attack,neutral_attack
50,4,p1,attack,neutral_attack
50,5,p1,switch,voluntary_switch
50,6,p1,attack,neutral_attack
50,7,p1,attack,neutral_attack
50,8,p1,attack,neutral_attack
50,9,p1,attack,neutral_attack
50,10,p1,attack,neutral_attack
50,11,p1,attack,neutral_attack
50,12,p1,switch,forced_switch
50,13,p1,attack,neutral_attack
50,14,p1,attack,neutral_attack
50,15,p1,attack,neutral_attack
50,16,p1,attack,neutral_attack
49,0,p1,attack,neutral_attack
49,1,p1,attack,neutral_attack
49,2,p1,attack,neutral_attack
49,3,p1,attack,neutral_attack
49,4,p1,attack,neutral_attack
49,5,p1,attack,neutral_attack
49,6,p1,attack,neutral_attack
49,7,p1,attack,neutral_attack
49,8,p1,attack,neutral_attack
49,9,p1,attack,neutral_attack
49,10,p1,attack,neutral_attack
49,11,p1,attack,neutral_attack
49,12,p1,attack,neutral_attack
49,13,p1,attack,neutral_attack
49,14,p1,attack,neutral_attack
49,15,p1,attack,neutral_attack
49,16,p1,switch,voluntary_switch
49,17,p1,attack,neutral_attack
51,0,p1,attack,neutral_attack
51,1,p1,attack,neutral_attack
51,2,p1,attack,neutral_attack
51,3,p1,attack,neutral_attack
51,4,p1,switch,forced_switch
51,5,p1,attack,neutral_attack
51,6,p1,attack,neutral_attack
51,7,p1,attack,neutral_attack
51,8,p1,attack,neutral_attack
51,9,p1,attack,neutral_attack
51,10,p1,switch,forced_switch
51,11,p1,attack,neutral_attack
51,12,p1,attack,neutral_attack
51,13,p1,attack,neutral_attack
51,14,p1,attack,neutral_attack
51,15,p1,attack,neutral_attack
48,0,p1,attack,neutral_attack
48,1,p1,attack,neutral_attack
48,2,p1,attack,neutral_attack
48,3,p1,attack,neutral_attack
48,4,p1,attack,neutral_attack
48,5,p1,attack,neutral_attack
48,6,p1,attack,neutral_attack
48,7,p1,attack,neutral_attack
48,8,p1,attack,neutral_attack
48,9,p1,attack,neutral_attack
48,10,p1,switch,forced_switch
48,11,p1,attack,neutral_attack
48,12,p1,attack,neutral_attack
48,13,p1,attack,neutral_attack
48,14,p1,attack,neutral_attack
48,15,p1,switch,forced_switch
48,16,p1,attack,neutral_attack
48,17,p1,attack,super_effective_attack
48,18,p1,attack,super_effective_attack
48,19,p1,attack,super_effective_attack
48,20,p1,attack,neutral_attack
48,21,p1,switch,forced_switch
48,22,p1,attack,neutral_attack
48,23,p1,attack,neutral_attack
48,24,p1,attack,neutral_attack
48,25,p1,attack,neutral_attack
48,26,p1,attack,neutral_attack
48,27,p1,switch,forced_switch
48,28,p1,attack,neutral_attack
52,0,p1,attack,neutral_attack
52,1,p1,attack,neutral_attack
52,2,p1,attack,neutral_attack
52,3,p1,attack,neutral_attack
52,4,p1,attack,neutral_attack
52,5,p1,attack,neutral_attack
52,6,p1,attack,neutral_attack
52,7,p1,attack,neutral_attack
52,8,p1,attack,neutral_attack
52,9,p1,attack,neutral_attack
52,10,p1,attack,neutral_attack
52,11,p1,switch,forced_switch
52,12,p1,attack,neutral_attack
52,13,p1,attack,neutral_attack
52,14,p1,attack,neutral_attack
52,15,p1,attack,neutral_attack
52,16,p1,attack,neutral_attack
52,17,p1,attack,neutral_attack
52,18,p1,attack,neutral_attack
52,19,p1,attack,neutral_attack
52,20,p1,switch,forced_switch
52,21,p1,attack,neutral_attack
53,0,p1,attack,neutral_attack
53,1,p1,attack,neutral_attack
53,2,p1,attack,neutral_attack
53,3,p1,attack,neutral_attack
53,4,p1,attack,neutral_attack
53,5,p1,attack,neutral_attack
53,6,p1,switch,forced_switch
53,7,p1,attack,neutral_attack
53,8,p1,attack,neutral_attack
53,9,p1,attack,neutral_attack
53,10,p1,attack,neutral_attack
53,11,p1,switch,forced_switch
53,12,p1,attack,neutral_attack
53,13,p1,attack,neutral_attack
53,14,p1,attack,neutral_attack
53,15,p1,attack,neutral_attack
53,16,p1,switch,voluntary_switch
53,17,p1,attack,neutral_attack
53,18,p1,attack,neutral_attack
53,19,p1,attack,neutral_attack
53,20,p1,attack,neutral_attack
53,21,p1,switch,forced_switch
53,22,p1,attack,neutral_attack
54,0,p1,attack,neutral_attack
54,1,p1,attack,neutral_attack
54,2,p1,attack,neutral_attack
54,3,p1,attack,neutral_attack
54,4,p1,attack,super_effective_attack
54,5,p1,attack,neutral_attack
54,6,p1,switch,forced_switch
54,7,p1,attack,neutral_attack
54,8,p1,attack,neutral_attack
54,9,p1,attack,neutral_attack
54,10,p1,attack,neutral_attack
54,11,p1,attack,neutral_attack
54,12,p1,attack,neutral_attack
54,13,p1,attack,neutral_attack
54,14,p1,attack,neutral_attack
54,15,p1,attack,neutral_attack
54,16,p1,attack,neutral_attack
54,17,p1,switch,forced_switch
54,18,p1,attack,neutral_attack
54,19,p1,attack,neutral_attack
54,20,p1,attack,neutral_attack
54,21,p1,attack,neutral_attack
54,22,p1,attack,neutral_attack
54,23,p1,attack,neutral_attack
54,24,p1,attack,neutral_attack
56,0,p1,attack,neutral_attack
56,1,p1,switch,voluntary_switch
56,2,p1,attack,neutral_attack
56,3,p1,attack,neutral_attack
56,4,p1,unknown,unparseable_move
56,5,p1,unknown,unparseable_move
56,6,p1,attack,neutral_attack
56,7,p1,attack,neutral_attack
56,8,p1,unknown,unparseable_move
56,9,p1,unknown,unparseable_move
56,10,p1,switch,forced_switch
56,11,p1,attack,neutral_attack
56,12,p1,attack,neutral_attack
56,13,p1,attack,neutral_attack
56,14,p1,attack,neutral_attack
56,15,p1,attack,neutral_attack
56,16,p1,attack,neutral_attack
56,17,p1,attack,neutral_attack
46,0,p1,attack,neutral_attack
46,1,p1,attack,neutral_attack
46,2,p1,attack,neutral_attack
46,3,p1,attack,neutral_attack
46,4,p1,switch,forced_switch
46,5,p1,attack,neutral_attack
46,6,p1,attack,neutral_attack
46,7,p1,attack,neutral_attack
46,8,p1,attack,neutral_attack
46,9,p1,attack,neutral_attack
46,10,p1,attack,neutral_attack
46,11,p1,attack,neutral_attack
46,12,p1,attack,neutral_attack
46,13,p1,attack,neutral_attack
46,14,p1,attack,neutral_attack
46,15,p1,attack,neutral_attack
46,16,p1,attack,neutral_attack
46,17,p1,attack,neutral_attack
46,18,p1,attack,neutral_attack
46,19,p1,attack,neutral_attack
46,20,p1,attack,neutral_attack
46,21,p1,attack,neutral_attack
46,22,p1,attack,neutral_attack
46,23,p1,attack,neutral_attack
46,24,p1,attack,neutral_attack
46,25,p1,attack,neutral_attack
46,26,p1,attack,neutral_attack
46,27,p1,attack,neutral_attack
46,28,p1,attack,neutral_attack
46,29,p1,attack,neutral_attack
46,30,p1,switch,forced_switch
46,31,p1,attack,neutral_attack
46,32,p1,attack,neutral_attack
46,33,p1,attack,neutral_attack
46,34,p1,attack,neutral_attack
46,35,p1,attack,neutral_attack
46,36,p1,attack,neutral_attack
46,37,p1,attack,neutral_attack
46,38,p1,attack,neutral_attack
46,39,p1,attack,neutral_attack
46,40,p1,attack,neutral_attack
46,41,p1,attack,neutral_attack
46,42,p1,attack,neutral_attack
46,43,p1,attack,neutral_attack
46,44,p1,attack,neutral_attack
46,45,p1,attack,neutral_attack
46,46,p1,switch,forced_switch
46,47,p1,attack,neutral_attack
46,48,p1,attack,neutral_attack
46,49,p1,attack,neutral_attack
60,0,p1,attack,neutral_attack
60,1,p1,attack,neutral_attack
60,2,p1,attack,neutral_attack
60,3,p1,attack,neutral_attack
60,4,p1,attack,neutral_attack
60,5,p1,attack,neutral_attack
60,6,p1,attack,neutral_attack
60,7,p1,attack,neutral_attack
60,8,p1,attack,neutral_attack
60,9,p1,attack,neutral_attack
60,10,p1,attack,neutral_attack
60,11,p1,attack,neutral_attack
60,12,p1,attack,neutral_attack
60,13,p1,attack,neutral_attack
55,0,p1,attack,neutral_attack
55,1,p1,attack,neutral_attack
55,2,p1,attack,neutral_attack
55,3,p1,attack,neutral_attack
55,4,p1,switch,voluntary_switch
55,5,p1,attack,neutral_attack
55,6,p1,attack,neutral_attack
55,7,p1,attack,neutral_attack
55,8,p1,attack,neutral_attack
55,9,p1,attack,neutral_attack
55,10,p1,attack,neutral_attack
55,11,p1,switch,forced_switch
55,12,p1,attack,super_effective_attack
55,13,p1,attack,neutral_attack
55,14,p1,switch,forced_switch
55,15,p1,attack,neutral_attack
55,16,p1,attack,neutral_attack
55,17,p1,attack,neutral_attack
55,18,p1,attack,neutral_attack
55,19,p1,attack,neutral_attack
55,20,p1,attack,neutral_attack
55,21,p1,attack,neutral_attack
55,22,p1,attack,neutral_attack
55,23,p1,switch,forced_switch
55,24,p1,attack,neutral_attack
55,25,p1,switch,forced_switch
55,26,p1,attack,neutral_attack
57,0,p1,attack,neutral_attack
57,1,p1,attack,neutral_attack
57,2,p1,switch,forced_switch
57,3,p1,attack,super_effective_attack
57,4,p1,attack,neutral_attack
57,5,p1,attack,super_effective_attack
57,6,p1,attack,neutral_attack
57,7,p1,attack,neutral_attack
57,8,p1,attack,super_effective_attack
57,9,p1,attack,neutral_attack
57,10,p1,attack,neutral_attack
57,11,p1,attack,neutral_attack
57,12,p1,attack,neutral_attack
57,13,p1,switch,forced_switch
57,14,p1,attack,neutral_attack
57,15,p1,switch,voluntary_switch
57,16,p1,attack,neutral_attack
57,17,p1,attack,neutral_attack
57,18,p1,attack,neutral_attack
57,19,p1,switch,forced_switch
57,20,p1,attack,neutral_attack
57,21,p1,attack,neutral_attack
57,22,p1,attack,neutral_attack
57,23,p1,switch,forced_switch
57,24,p1,attack,neutral_attack
57,25,p1,attack,neutral_attack
57,26,p1,attack,neutral_attack
57,27,p1,attack,neutral_attack
59,0,p1,attack,neutral_attack
59,1,p1,attack,neutral_attack
59,2,p1,attack,neutral_attack
59,3,p1,attack,neutral_attack
59,4,p1,attack,neutral_attack
59,5,p1,attack,neutral_attack
59,6,p1,attack,neutral_attack
59,7,p1,attack,super_effective_attack
59,8,p1,attack,neutral_attack
59,9,p1,attack,neutral_attack
59,10,p1,attack,neutral_attack
59,11,p1,attack,neutral_attack
59,12,p1,switch,voluntary_switch
59,13,p1,attack,neutral_attack
59,14,p1,attack,neutral_attack
59,15,p1,attack,neutral_attack
59,16,p1,attack,neutral_attack
59,17,p1,switch,forced_switch
59,18,p1,attack,neutral_attack
59,19,p1,attack,neutral_attack
59,20,p1,attack,neutral_attack
59,21,p1,switch,forced_switch
59,22,p1,attack,neutral_attack
59,23,p1,attack,neutral_attack
59,24,p1,attack,neutral_attack
59,25,p1,attack,neutral_attack
61,0,p1,attack,neutral_attack
61,1,p1,attack,neutral_attack
61,2,p1,attack,neutral_attack
61,3,p1,attack,neutral_attack
61,4,p1,attack,neutral_attack
61,5,p1,attack,neutral_attack
61,6,p1,attack,neutral_attack
61,7,p1,attack,neutral_attack
61,8,p1,attack,neutral_attack
61,9,p1,attack,neutral_attack
61,10,p1,attack,neutral_attack
61,11,p1,attack,neutral_attack
61,12,p1,attack,neutral_attack
61,13,p1,attack,neutral_attack
61,14,p1,attack,neutral_attack
61,15,p1,attack,neutral_attack
61,16,p1,switch,forced_switch
61,17,p1,attack,neutral_attack
61,18,p1,switch,forced_switch
61,19,p1,attack,neutral_attack
58,0,p1,attack,neutral_attack
58,1,p1,attack,neutral_attack
58,2,p1,attack,neutral_attack
58,3,p1,attack,neutral_attack
58,4,p1,switch,forced_switch
58,5,p1,attack,neutral_attack
58,6,p1,attack,neutral_attack
58,7,p1,attack,neutral_attack
58,8,p1,attack,neutral_attack
58,9,p1,attack,neutral_attack
58,10,p1,attack,neutral_attack
58,11,p1,attack,neutral_attack
58,12,p1,switch,forced_switch
58,13,p1,attack,neutral_attack
58,14,p1,attack,neutral_attack
58,15,p1,attack,neutral_attack
58,16,p1,attack,neutral_attack
58,17,p1,attack,neutral_attack
58,18,p1,switch,forced_switch
58,19,p1,attack,neutral_attack
58,20,p1,attack,neutral_attack
58,21,p1,attack,neutral_attack
58,22,p1,attack,neutral_attack
58,23,p1,attack,neutral_attack
58,24,p1,switch,forced_switch
58,25,p1,attack,neutral_attack
58,26,p1,attack,neutral_attack
58,27,p1,attack,neutral_attack
65,0,p1,attack,neutral_attack
65,1,p1,attack,neutral_attack
65,2,p1,attack,neutral_attack
65,3,p1,attack,neutral_attack
65,4,p1,attack,neutral_attack
65,5,p1,attack,neutral_attack
65,6,p1,attack,neutral_attack
65,7,p1,attack,neutral_attack
65,8,p1,switch,forced_switch
65,9,p1,attack,neutral_attack
65,10,p1,attack,neutral_attack
65,11,p1,attack,neutral_attack
65,12,p1,attack,neutral_attack
65,13,p1,attack,super_effective_attack
62,0,p1,attack,neutral_attack
62,1,p1,setup,first_boost
62,2,p1,attack,neutral_attack
62,3,p1,attack,neutral_attack
62,4,p1,attack,neutral_attack
62,5,p1,attack,neutral_attack
62,6,p1,setup,first_boost
62,7,p1,attack,neutral_attack
62,8,p1,attack,neutral_attack
62,9,p1,setup,first_boost
62,10,p1,switch,voluntary_switch
62,11,p1,attack,neutral_attack
62,12,p1,attack,neutral_attack
62,13,p1,attack,neutral_attack
62,14,p1,switch,voluntary_switch
62,15,p1,attack,neutral_attack
62,16,p1,attack,neutral_attack
62,17,p1,attack,neutral_attack
62,18,p1,attack,neutral_attack
62,19,p1,attack,neutral_attack
62,20,p1,attack,neutral_attack
62,21,p1,switch,forced_switch
62,22,p1,attack,neutral_attack
63,0,p1,attack,neutral_attack
63,1,p1,attack,neutral_attack
63,2,p1,attack,neutral_attack
63,3,p1,attack,neutral_attack
63,4,p1,switch,forced_switch
63,5,p1,attack,neutral_attack
63,6,p1,unknown,unparseable_move
63,7,p1,attack,neutral_attack
63,8,p1,switch,forced_switch
63,9,p1,attack,neutral_attack
63,10,p1,attack,neutral_attack
63,11,p1,attack,neutral_attack
63,12,p1,attack,neutral_attack
63,13,p1,attack,neutral_attack
63,14,p1,attack,neutral_attack
63,15,p1,switch,forced_switch
63,16,p1,attack,neutral_attack
63,17,p1,attack,neutral_attack
63,18,p1,attack,neutral_attack
63,19,p1,attack,neutral_attack
63,20,p1,attack,neutral_attack
63,21,p1,attack,neutral_attack
63,22,p1,attack,neutral_attack
64,0,p1,attack,neutral_attack
64,1,p1,attack,neutral_attack
64,2,p1,attack,neutral_attack
64,3,p1,attack,neutral_attack
64,4,p1,switch,forced_switch
64,5,p1,attack,neutral_attack
64,6,p1,attack,neutral_attack
64,7,p1,attack,neutral_attack
64,8,p1,attack,neutral_attack
64,9,p1,switch,forced_switch
64,10,p1,attack,neutral_attack
64,11,p1,attack,neutral_attack
64,12,p1,attack,neutral_attack
64,13,p1,attack,neutral_attack
64,14,p1,attack,neutral_attack
64,15,p1,switch,forced_switch
64,16,p1,attack,neutral_attack
64,17,p1,attack,neutral_attack
64,18,p1,attack,neutral_attack
64,19,p1,attack,neutral_attack
64,20,p1,switch,forced_switch
64,21,p1,attack,neutral_attack
64,22,p1,attack,neutral_attack
64,23,p1,attack,super_effective_attack
67,0,p1,attack,neutral_attack
67,1,p1,attack,neutral_attack
67,2,p1,attack,neutral_attack
67,3,p1,attack,neutral_attack
67,4,p1,attack,neutral_attack
67,5,p1,switch,voluntary_switch
67,6,p1,attack,neutral_attack
67,7,p1,attack,neutral_attack
67,8,p1,attack,neutral_attack
67,9,p1,attack,neutral_attack
67,10,p1,attack,neutral_attack
67,11,p1,attack,neutral_attack
67,12,p1,attack,neutral_attack
67,13,p1,switch,forced_switch
67,14,p1,switch,voluntary_switch
67,15,p1,attack,resisted_attack
67,16,p1,attack,resisted_attack
67,17,p1,switch,forced_switch
67,18,p1,switch,forced_switch
67,19,p1,attack,neutral_attack
67,20,p1,attack,neutral_attack
69,0,p1,attack,neutral_attack
69,1,p1,switch,voluntary_switch
69,2,p1,attack,neutral_attack
69,3,p1,unknown,unparseable_move
69,4,p1,unknown,unparseable_move
69,5,p1,attack,neutral_attack
69,6,p1,attack,neutral_attack
69,7,p1,attack,neutral_attack
69,8,p1,attack,neutral_attack
69,9,p1,unknown,unparseable_move
69,10,p1,attack,neutral_attack
69,11,p1,attack,neutral_attack
69,12,p1,attack,neutral_attack
69,13,p1,switch,forced_switch
69,14,p1,attack,neutral_attack
69,15,p1,attack,neutral_attack
69,16,p1,attack,neutral_attack
69,17,p1,attack,neutral_attack
69,18,p1,switch,forced_switch
69,19,p1,attack,neutral_attack
66,0,p1,attack,neutral_attack
66,1,p1,attack,neutral_attack
66,2,p1,attack,neutral_attack
66,3,p1,attack,neutral_attack
66,4,p1,attack,neutral_attack
66,5,p1,attack,neutral_attack
66,6,p1,attack,neutral_attack
66,7,p1,attack,neutral_attack
66,8,p1,attack,neutral_attack
66,9,p1,attack,neutral_attack
66,10,p1,attack,neutral_attack
66,11,p1,attack,neutral_attack
66,12,p1,attack,neutral_attack
66,13,p1,attack,neutral_attack
66,14,p1,attack,neutral_attack
66,15,p1,attack,neutral_attack
66,16,p1,switch,voluntary_switch
66,17,p1,attack,neutral_attack
66,18,p1,attack,neutral_attack
66,19,p1,attack,neutral_attack
66,20,p1,attack,neutral_attack
66,21,p1,attack,neutral_attack
66,22,p1,switch,forced_switch
66,23,p1,attack,neutral_attack
66,24,p1,attack,super_effective_attack
66,25,p1,attack,super_effective_attack
66,26,p1,attack,neutral_attack
66,27,p1,attack,neutral_attack
66,28,p1,attack,neutral_attack
66,29,p1,attack,neutral_attack
68,0,p1,switch,voluntary_switch
68,1,p1,attack,neutral_attack
68,2,p1,attack,neutral_attack
68,3,p1,switch,voluntary_switch
68,4,p1,attack,neutral_attack
68,5,p1,attack,neutral_attack
68,6,p1,attack,neutral_attack
68,7,p1,attack,neutral_attack
68,8,p1,attack,neutral_attack
68,9,p1,attack,neutral_attack
68,10,p1,attack,neutral_attack
68,11,p1,attack,neutral_attack
68,12,p1,attack,neutral_attack
68,13,p1,attack,neutral_attack
68,14,p1,attack,neutral_attack
68,15,p1,attack,neutral_attack
68,16,p1,attack,neutral_attack
68,17,p1,attack,neutral_attack
68,18,p1,attack,neutral_attack
68,19,p1,attack,neutral_attack
68,20,p1,attack,neutral_attack
68,21,p1,attack,neutral_attack
68,22,p1,attack,neutral_attack
68,23,p1,attack,neutral_attack
68,24,p1,attack,neutral_attack
68,25,p1,attack,neutral_attack
68,26,p1,attack,neutral_attack
68,27,p1,attack,neutral_attack
68,28,p1,attack,neutral_attack
73,0,p1,attack,neutral_attack
73,1,p1,attack,neutral_attack
73,2,p1,attack,neutral_attack
73,3,p1,attack,neutral_attack
73,4,p1,attack,neutral_attack
73,5,p1,switch,forced_switch
73,6,p1,attack,super_effective_attack
73,7,p1,attack,neutral_attack
73,8,p1,attack,neutral_attack
73,9,p1,attack,neutral_attack
73,10,p1,attack,super_effective_attack
73,11,p1,attack,neutral_attack
73,12,p1,attack,neutral_attack
73,13,p1,attack,neutral_attack
73,14,p1,attack,super_effective_attack
71,0,p1,attack,neutral_attack
71,1,p1,attack,neutral_attack
71,2,p1,switch,voluntary_switch
71,3,p1,attack,neutral_attack
71,4,p1,switch,voluntary_switch
71,5,p1,attack,neutral_attack
71,6,p1,attack,neutral_attack
71,7,p1,attack,neutral_attack
71,8,p1,attack,neutral_attack
71,9,p1,attack,neutral_attack
71,10,p1,attack,neutral_attack
71,11,p1,attack,neutral_attack
71,12,p1,attack,neutral_attack
71,13,p1,attack,neutral_attack
71,14,p1,attack,neutral_attack
71,15,p1,attack,neutral_attack
71,16,p1,attack,neutral_attack
71,17,p1,attack,neutral_attack
71,18,p1,attack,neutral_attack
71,19,p1,switch,forced_switch
71,20,p1,attack,neutral_attack
70,0,p1,attack,neutral_attack
70,1,p1,attack,neutral_attack
70,2,p1,attack,neutral_attack
70,3,p1,attack,neutral_attack
70,4,p1,attack,neutral_attack
70,5,p1,attack,neutral_attack
70,6,p1,attack,neutral_attack
70,7,p1,switch,forced_switch
70,8,p1,attack,neutral_attack
70,9,p1,switch,forced_switch
70,10,p1,attack,neutral_attack
70,11,p1,attack,neutral_attack
70,12,p1,attack,neutral_attack
70,13,p1,attack,neutral_attack
70,14,p1,attack,neutral_attack
70,15,p1,switch,forced_switch
70,16,p1,attack,neutral_attack
70,17,p1,attack,neutral_attack
70,18,p1,attack,neutral_attack
70,19,p1,attack,neutral_attack
70,20,p1,attack,neutral_attack
70,21,p1,attack,neutral_attack
70,22,p1,attack,neutral_attack
70,23,p1,attack,neutral_attack
70,24,p1,attack,neutral_attack
70,25,p1,switch,forced_switch
70,26,p1,attack,neutral_attack
70,27,p1,attack,neutral_attack
70,28,p1,attack,neutral_attack
72,0,p1,attack,neutral_attack
72,1,p1,attack,neutral_attack
72,2,p1,attack,neutral_attack
72,3,p1,attack,neutral_attack
72,4,p1,attack,neutral_attack
72,5,p1,attack,neutral_attack
72,6,p1,switch,forced_switch
72,7,p1,attack,neutral_attack
72,8,p1,attack,neutral_attack
72,9,p1,attack,neutral_attack
72,10,p1,attack,neutral_attack
72,11,p1,attack,neutral_attack
72,12,p1,attack,neutral_attack
72,13,p1,attack,neutral_attack
72,14,p1,attack,neutral_attack
72,15,p1,attack,neutral_attack
72,16,p1,switch,forced_switch
72,17,p1,attack,neutral_attack
72,18,p1,attack,neutral_attack
72,19,p1,attack,neutral_attack
72,20,p1,attack,neutral_attack
72,21,p1,attack,neutral_attack
72,22,p1,attack,neutral_attack
72,23,p1,attack,neutral_attack
72,24,p1,attack,neutral_attack
72,25,p1,attack,neutral_attack
72,26,p1,attack,neutral_attack
76,0,p1,attack,neutral_attack
76,1,p1,attack,neutral_attack
76,2,p1,attack,neutral_attack
76,3,p1,attack,neutral_attack
76,4,p1,attack,neutral_attack
76,5,p1,switch,forced_switch
76,6,p1,attack,neutral_attack
76,7,p1,attack,neutral_attack
76,8,p1,attack,neutral_attack
76,9,p1,attack,neutral_attack
76,10,p1,attack,neutral_attack
76,11,p1,switch,forced_switch
76,12,p1,attack,neutral_attack
76,13,p1,attack,neutral_attack
79,0,p1,attack,neutral_attack
79,1,p1,attack,neutral_attack
79,2,p1,attack,neutral_attack
79,3,p1,switch,forced_switch
79,4,p1,attack,neutral_attack
79,5,p1,attack,neutral_attack
79,6,p1,attack,neutral_attack
79,7,p1,attack,neutral_attack
79,8,p1,attack,neutral_attack
79,9,p1,attack,neutral_attack
79,10,p1,attack,neutral_attack
79,11,p1,attack,neutral_attack
79,12,p1,switch,forced_switch
79,13,p1,attack,neutral_attack
79,14,p1,attack,neutral_attack
79,15,p1,attack,neutral_attack
79,16,p1,attack,neutral_attack
81,0,p1,attack,neutral_attack
81,1,p1,attack,neutral_attack
81,2,p1,attack,neutral_attack
81,3,p1,attack,neutral_attack
81,4,p1,attack,neutral_attack
81,5,p1,attack,neutral_attack
81,6,p1,attack,neutral_attack
81,7,p1,attack,neutral_attack
81,8,p1,attack,neutral_attack
81,9,p1,attack,neutral_attack
81,10,p1,attack,neutral_attack
81,11,p1,attack,neutral_attack
78,0,p1,attack,neutral_attack
78,1,p1,attack,neutral_attack
78,2,p1,attack,neutral_attack
78,3,p1,attack,neutral_attack
78,4,p1,attack,neutral_attack
78,5,p1,attack,neutral_attack
78,6,p1,switch,forced_switch
78,7,p1,attack,neutral_attack
78,8,p1,attack,neutral_attack
78,9,p1,attack,neutral_attack
78,10,p1,attack,resisted_attack
78,11,p1,attack,neutral_attack
78,12,p1,switch,forced_switch
78,13,p1,attack,neutral_attack
78,14,p1,attack,neutral_attack
78,15,p1,attack,neutral_attack
78,16,p1,attack,super_effective_attack
78,17,p1,attack,super_effective_attack
78,18,p1,attack,super_effective_attack
78,19,p1,attack,neutral_attack
78,20,p1,attack,super_effective_attack
78,21,p1,attack,super_effective_attack
78,22,p1,attack,super_effective_attack
78,23,p1,switch,forced_switch
78,24,p1,attack,neutral_attack
78,25,p1,attack,neutral_attack
78,26,p1,attack,neutral_attack
78,27,p1,attack,neutral_attack
75,0,p1,attack,neutral_attack
75,1,p1,switch,forced_switch
75,2,p1,attack,neutral_attack
75,3,p1,attack,neutral_attack
75,4,p1,attack,neutral_attack
75,5,p1,switch,forced_switch
75,6,p1,attack,neutral_attack
75,7,p1,switch,forced_switch
75,8,p1,attack,neutral_attack
75,9,p1,attack,neutral_attack
75,10,p1,attack,neutral_attack
75,11,p1,attack,neutral_attack
75,12,p1,attack,neutral_attack
75,13,p1,attack,neutral_attack
75,14,p1,switch,forced_switch
75,15,p1,attack,neutral_attack
75,16,p1,attack,neutral_attack
75,17,p1,switch,forced_switch
75,18,p1,attack,neutral_attack
75,19,p1,attack,neutral_attack
75,20,p1,attack,neutral_attack
75,21,p1,attack,neutral_attack
75,22,p1,switch,forced_switch
75,23,p1,attack,neutral_attack
75,24,p1,switch,forced_switch
75,25,p1,attack,neutral_attack
75,26,p1,attack,neutral_attack
75,27,p1,attack,neutral_attack
75,28,p1,attack,neutral_attack
75,29,p1,attack,neutral_attack
75,30,p1,switch,forced_switch
75,31,p1,attack,neutral_attack
75,32,p1,attack,neutral_attack
75,33,p1,attack,neutral_attack
75,34,p1,attack,neutral_attack
75,35,p1,attack,neutral_attack
74,0,p1,attack,neutral_attack
74,1,p1,attack,neutral_attack
74,2,p1,attack,neutral_attack
74,3,p1,attack,neutral_attack
74,4,p1,attack,neutral_attack
74,5,p1,attack,neutral_attack
74,6,p1,attack,neutral_attack
74,7,p1,attack,neutral_attack
74,8,p1,attack,neutral_attack
74,9,p1,attack,neutral_attack
74,10,p1,attack,neutral_attack
74,11,p1,attack,neutral_attack
74,12,p1,attack,neutral_attack
74,13,p1,attack,neutral_attack
74,14,p1,attack,neutral_attack
74,15,p1,attack,neutral_attack
74,16,p1,attack,neutral_attack
74,17,p1,attack,neutral_attack
74,18,p1,attack,neutral_attack
74,19,p1,attack,neutral_attack
74,20,p1,attack,neutral_attack
74,21,p1,attack,neutral_attack
74,22,p1,switch,forced_switch
74,23,p1,attack,neutral_attack
74,24,p1,attack,neutral_attack
74,25,p1,attack,neutral_attack
74,26,p1,attack,neutral_attack
74,27,p1,attack,neutral_attack
74,28,p1,attack,neutral_attack
74,29,p1,attack,neutral_attack
74,30,p1,attack,neutral_attack
74,31,p1,attack,neutral_attack
74,32,p1,attack,neutral_attack
74,33,p1,attack,neutral_attack
74,34,p1,attack,neutral_attack
74,35,p1,attack,neutral_attack
74,36,p1,attack,neutral_attack
74,37,p1,attack,neutral_attack
74,38,p1,attack,neutral_attack
74,39,p1,switch,forced_switch
74,40,p1,attack,neutral_attack
82,0,p1,attack,neutral_attack
82,1,p1,attack,neutral_attack
82,2,p1,attack,neutral_attack
82,3,p1,attack,neutral_attack
82,4,p1,attack,neutral_attack
82,5,p1,attack,neutral_attack
82,6,p1,attack,neutral_attack
82,7,p1,attack,neutral_attack
82,8,p1,attack,neutral_attack
82,9,p1,attack,neutral_attack
82,10,p1,attack,neutral_attack
82,11,p1,attack,neutral_attack
82,12,p1,attack,neutral_attack
82,13,p1,attack,neutral_attack
82,14,p1,switch,forced_switch
82,15,p1,attack,neutral_attack
82,16,p1,attack,neutral_attack
82,17,p1,attack,neutral_attack
82,18,p1,attack,neutral_attack
82,19,p1,attack,super_effective_attack
82,20,p1,attack,super_effective_attack
82,21,p1,attack,neutral_attack
82,22,p1,attack,neutral_attack
82,23,p1,attack,super_effective_attack
80,0,p1,attack,neutral_attack
80,1,p1,attack,neutral_attack
80,2,p1,switch,forced_switch
80,3,p1,attack,neutral_attack
80,4,p1,attack,neutral_attack
80,5,p1,attack,neutral_attack
80,6,p1,attack,neutral_attack
80,7,p1,attack,neutral_attack
80,8,p1,attack,neutral_attack
80,9,p1,attack,neutral_attack
80,10,p1,attack,neutral_attack
80,11,p1,attack,neutral_attack
80,12,p1,attack,neutral_attack
80,13,p1,attack,neutral_attack
80,14,p1,attack,neutral_attack
80,15,p1,attack,neutral_attack
80,16,p1,attack,neutral_attack
80,17,p1,attack,neutral_attack
80,18,p1,attack,neutral_attack
80,19,p1,attack,neutral_attack
80,20,p1,attack,neutral_attack
80,21,p1,attack,neutral_attack
80,22,p1,attack,neutral_attack
80,23,p1,switch,forced_switch
80,24,p1,attack,neutral_attack
80,25,p1,attack,neutral_attack
80,26,p1,attack,neutral_attack
80,27,p1,switch,forced_switch
80,28,p1,attack,neutral_attack
80,29,p1,attack,neutral_attack
83,0,p1,attack,neutral_attack
83,1,p1,attack,neutral_attack
83,2,p1,attack,neutral_attack
83,3,p1,attack,neutral_attack
83,4,p1,attack,neutral_attack
83,5,p1,attack,neutral_attack
83,6,p1,switch,voluntary_switch
83,7,p1,attack,neutral_attack
83,8,p1,attack,neutral_attack
83,9,p1,attack,neutral_attack
83,10,p1,attack,neutral_attack
83,11,p1,attack,neutral_attack
83,12,p1,attack,neutral_attack
83,13,p1,attack,neutral_attack
83,14,p1,attack,neutral_attack
83,15,p1,attack,neutral_attack
83,16,p1,switch,forced_switch
83,17,p1,attack,super_effective_attack
83,18,p1,attack,super_effective_attack
83,19,p1,attack,super_effective_attack
84,0,p1,attack,neutral_attack
84,1,p1,attack,neutral_attack
84,2,p1,attack,neutral_attack
84,3,p1,attack,neutral_attack
84,4,p1,attack,neutral_attack
84,5,p1,attack,neutral_attack
84,6,p1,attack,neutral_attack
84,7,p1,attack,neutral_attack
84,8,p1,attack,neutral_attack
84,9,p1,switch,forced_switch
84,10,p1,attack,neutral_attack
84,11,p1,attack,neutral_attack
84,12,p1,switch,forced_switch
84,13,p1,attack,neutral_attack
84,14,p1,attack,neutral_attack
84,15,p1,attack,neutral_attack
84,16,p1,attack,neutral_attack
84,17,p1,attack,neutral_attack
84,18,p1,attack,neutral_attack
84,19,p1,attack,neutral_attack
84,20,p1,attack,neutral_attack
84,21,p1,attack,neutral_attack
84,22,p1,attack,neutral_attack
84,23,p1,attack,neutral_attack
84,24,p1,switch,forced_switch
84,25,p1,attack,neutral_attack
84,26,p1,attack,neutral_attack
84,27,p1,attack,neutral_attack
84,28,p1,attack,neutral_attack
84,29,p1,attack,neutral_attack
85,0,p1,attack,neutral_attack
85,1,p1,attack,neutral_attack
85,2,p1,attack,neutral_attack
85,3,p1,attack,neutral_attack
85,4,p1,attack,neutral_attack
85,5,p1,attack,neutral_attack
85,6,p1,attack,neutral_attack
85,7,p1,attack,neutral_attack
85,8,p1,switch,forced_switch
85,9,p1,attack,neutral_attack
85,10,p1,attack,neutral_attack
85,11,p1,attack,neutral_attack
85,12,p1,attack,neutral_attack
85,13,p1,attack,neutral_attack
85,14,p1,attack,neutral_attack
85,15,p1,switch,forced_switch
85,16,p1,attack,neutral_attack
85,17,p1,attack,neutral_attack
85,18,p1,attack,neutral_attack
85,19,p1,switch,forced_switch
85,20,p1,attack,neutral_attack
85,21,p1,attack,neutral_attack
86,0,p1,attack,super_effective_attack
86,1,p1,attack,neutral_attack
86,2,p1,attack,super_effective_attack
86,3,p1,switch,voluntary_switch
86,4,p1,attack,neutral_attack
86,5,p1,attack,neutral_attack
86,6,p1,attack,neutral_attack
86,7,p1,attack,neutral_attack
86,8,p1,attack,neutral_attack
86,9,p1,attack,neutral_attack
86,10,p1,attack,neutral_attack
86,11,p1,attack,neutral_attack
86,12,p1,switch,forced_switch
86,13,p1,attack,neutral_attack
86,14,p1,unknown,unparseable_move
86,15,p1,switch,voluntary_switch
86,16,p1,attack,neutral_attack
86,17,p1,attack,neutral_attack
86,18,p1,attack,neutral_attack
86,19,p1,attack,neutral_attack
86,20,p1,attack,neutral_attack
86,21,p1,attack,neutral_attack
90,0,p1,switch,voluntary_switch
90,1,p1,attack,neutral_attack
90,2,p1,attack,neutral_attack
90,3,p1,attack,neutral_attack
90,4,p1,attack,neutral_attack
90,5,p1,attack,neutral_attack
90,6,p1,switch,forced_switch
90,7,p1,attack,neutral_attack
90,8,p1,attack,neutral_attack
90,9,p1,attack,neutral_attack
90,10,p1,attack,neutral_attack
90,11,p1,attack,neutral_attack
90,12,p1,switch,forced_switch
90,13,p1,attack,neutral_attack
90,14,p1,attack,neutral_attack
87,0,p1,attack,neutral_attack
87,1,p1,attack,neutral_attack
87,2,p1,attack,neutral_attack
87,3,p1,attack,neutral_attack
87,4,p1,attack,neutral_attack
87,5,p1,attack,neutral_attack
87,6,p1,attack,neutral_attack
87,7,p1,attack,neutral_attack
87,8,p1,attack,neutral_attack
87,9,p1,attack,neutral_attack
87,10,p1,attack,neutral_attack
87,11,p1,attack,neutral_attack
87,12,p1,attack,neutral_attack
87,13,p1,attack,neutral_attack
87,14,p1,switch,forced_switch
87,15,p1,attack,neutral_attack
87,16,p1,switch,forced_switch
87,17,p1,attack,neutral_attack
87,18,p1,attack,neutral_attack
87,19,p1,attack,neutral_attack
87,20,p1,attack,neutral_attack
89,0,p1,attack,neutral_attack
89,1,p1,switch,forced_switch
89,2,p1,attack,neutral_attack
89,3,p1,attack,neutral_attack
89,4,p1,attack,neutral_attack
89,5,p1,attack,neutral_attack
89,6,p1,attack,neutral_attack
89,7,p1,attack,neutral_attack
89,8,p1,attack,neutral_attack
89,9,p1,attack,neutral_attack
89,10,p1,attack,neutral_attack
89,11,p1,attack,neutral_attack
89,12,p1,switch,voluntary_switch
89,13,p1,switch,voluntary_switch
89,14,p1,attack,neutral_attack
89,15,p1,attack,neutral_attack
89,16,p1,attack,neutral_attack
89,17,p1,attack,neutral_attack
89,18,p1,attack,neutral_attack
89,19,p1,attack,neutral_attack
89,20,p1,attack,neutral_attack
88,0,p1,attack,neutral_attack
88,1,p1,attack,neutral_attack
88,2,p1,attack,neutral_attack
88,3,p1,attack,neutral_attack
88,4,p1,attack,neutral_attack
88,5,p1,attack,neutral_attack
88,6,p1,attack,neutral_attack
88,7,p1,switch,voluntary_switch
88,8,p1,attack,neutral_attack
88,9,p1,attack,neutral_attack
88,10,p1,attack,neutral_attack
88,11,p1,attack,neutral_attack
88,12,p1,attack,neutral_attack
88,13,p1,attack,neutral_attack
88,14,p1,attack,neutral_attack
88,15,p1,attack,neutral_attack
88,16,p1,attack,neutral_attack
88,17,p1,attack,neutral_attack
88,18,p1,attack,neutral_attack
88,19,p1,attack,neutral_attack
88,20,p1,attack,neutral_attack
88,21,p1,attack,neutral_attack
88,22,p1,attack,neutral_attack
88,23,p1,attack,neutral_attack
88,24,p1,attack,neutral_attack
88,25,p1,attack,neutral_attack
88,26,p1,attack,neutral_attack
88,27,p1,attack,neutral_attack
88,28,p1,attack,neutral_attack
95,0,p1,attack,neutral_attack
95,1,p1,attack,neutral_attack
95,2,p1,attack,neutral_attack
95,3,p1,attack,neutral_attack
95,4,p1,attack,neutral_attack
95,5,p1,attack,neutral_attack
95,6,p1,attack,neutral_attack
95,7,p1,attack,neutral_attack
95,8,p1,switch,forced_switch
95,9,p1,attack,neutral_attack
95,10,p1,attack,neutral_attack
95,11,p1,attack,neutral_attack
95,12,p1,switch,forced_switch
95,13,p1,attack,neutral_attack
92,0,p1,attack,neutral_attack
92,1,p1,attack,neutral_attack
92,2,p1,attack,neutral_attack
92,3,p1,attack,neutral_attack
92,4,p1,attack,neutral_attack
92,5,p1,attack,neutral_attack
92,6,p1,attack,neutral_attack
92,7,p1,attack,neutral_attack
92,8,p1,attack,neutral_attack
92,9,p1,attack,neutral_attack
92,10,p1,attack,neutral_attack
92,11,p1,attack,neutral_attack
92,12,p1,attack,neutral_attack
92,13,p1,attack,neutral_attack
92,14,p1,attack,neutral_attack
92,15,p1,attack,neutral_attack
92,16,p1,attack,neutral_attack
92,17,p1,switch,forced_switch
92,18,p1,attack,neutral_attack
92,19,p1,attack,neutral_attack
92,20,p1,attack,neutral_attack
92,21,p1,attack,neutral_attack
93,0,p1,attack,neutral_attack
93,1,p1,attack,neutral_attack
93,2,p1,attack,neutral_attack
93,3,p1,attack,neutral_attack
93,4,p1,attack,neutral_attack
93,5,p1,attack,neutral_attack
93,6,p1,attack,neutral_attack
93,7,p1,switch,voluntary_switch
93,8,p1,attack,neutral_attack
93,9,p1,attack,neutral_attack
93,10,p1,attack,neutral_attack
93,11,p1,attack,neutral_attack
93,12,p1,attack,neutral_attack
93,13,p1,switch,forced_switch
93,14,p1,attack,neutral_attack
93,15,p1,attack,neutral_attack
93,16,p1,attack,neutral_attack
93,17,p1,attack,neutral_attack
93,18,p1,attack,neutral_attack
93,19,p1,switch,forced_switch
93,20,p1,attack,neutral_attack
96,0,p1,attack,neutral_attack
96,1,p1,attack,neutral_attack
96,2,p1,attack,neutral_attack
96,3,p1,attack,neutral_attack
96,4,p1,attack,neutral_attack
96,5,p1,attack,neutral_attack
96,6,p1,attack,neutral_attack
96,7,p1,attack,neutral_attack
96,8,p1,attack,neutral_attack
96,9,p1,switch,forced_switch
96,10,p1,attack,neutral_attack
96,11,p1,attack,neutral_attack
96,12,p1,attack,neutral_attack
96,13,p1,attack,neutral_attack
96,14,p1,attack,neutral_attack
96,15,p1,attack,neutral_attack
94,0,p1,attack,neutral_attack
94,1,p1,attack,neutral_attack
94,2,p1,attack,neutral_attack
94,3,p1,attack,neutral_attack
94,4,p1,attack,neutral_attack
94,5,p1,switch,forced_switch
94,6,p1,attack,neutral_attack
94,7,p1,attack,neutral_attack
94,8,p1,attack,neutral_attack
94,9,p1,attack,neutral_attack
94,10,p1,attack,neutral_attack
94,11,p1,attack,neutral_attack
94,12,p1,attack,neutral_attack
94,13,p1,attack,neutral_attack
94,14,p1,attack,neutral_attack
94,15,p1,attack,neutral_attack
94,16,p1,switch,forced_switch
94,17,p1,attack,neutral_attack
94,18,p1,attack,neutral_attack
94,19,p1,attack,neutral_attack
94,20,p1,switch,forced_switch
94,21,p1,attack,neutral_attack
94,22,p1,attack,neutral_attack
94,23,p1,attack,neutral_attack
94,24,p1,switch,forced_switch
94,25,p1,attack,neutral_attack
77,0,p1,attack,neutral_attack
77,1,p1,attack,neutral_attack
77,2,p1,attack,neutral_attack
77,3,p1,attack,neutral_attack
77,4,p1,attack,neutral_attack
77,5,p1,attack,neutral_attack
77,6,p1,attack,neutral_attack
77,7,p1,attack,neutral_attack
77,8,p1,attack,neutral_attack
77,9,p1,attack,neutral_attack
77,10,p1,attack,neutral_attack
77,11,p1,attack,neutral_attack
77,12,p1,attack,neutral_attack
77,13,p1,attack,neutral_attack
77,14,p1,attack,neutral_attack
77,15,p1,attack,neutral_attack
77,16,p1,attack,neutral_attack
77,17,p1,attack,neutral_attack
77,18,p1,attack,neutral_attack
77,19,p1,attack,neutral_attack
77,20,p1,attack,neutral_attack
77,21,p1,setup,first_boost
77,22,p1,setup,first_boost
77,23,p1,setup,first_boost
77,24,p1,setup,repeated_setup_3
77,25,p1,attack,neutral_attack
77,26,p1,setup,repeated_setup_4
77,27,p1,setup,repeated_setup_4
77,28,p1,setup,repeated_setup_4
77,29,p1,setup,repeated_setup_4
77,30,p1,setup,repeated_setup_4
77,31,p1,setup,repeated_setup_5
77,32,p1,setup,repeated_setup_5
77,33,p1,setup,repeated_setup_5
77,34,p1,setup,repeated_setup_5
77,35,p1,setup,repeated_setup_5
77,36,p1,setup,repeated_setup_5
77,37,p1,setup,repeated_setup_5
77,38,p1,setup,repeated_setup_5
77,39,p1,setup,repeated_setup_5
77,40,p1,attack,neutral_attack
77,41,p1,setup,repeated_setup_4
77,42,p1,setup,repeated_setup_4
77,43,p1,setup,repeated_setup_4
77,44,p1,attack,neutral_attack
77,45,p1,attack,neutral_attack
77,46,p1,setup,repeated_setup_3
77,47,p1,setup,repeated_setup_3
77,48,p1,setup,repeated_setup_3
77,49,p1,setup,repeated_setup_3
77,50,p1,setup,repeated_setup_4
77,51,p1,setup,repeated_setup_5
77,52,p1,setup,repeated_setup_5
77,53,p1,setup,repeated_setup_5
77,54,p1,setup,repeated_setup_5
77,55,p1,setup,repeated_setup_5
77,56,p1,setup,repeated_setup_5
77,57,p1,setup,repeated_setup_5
77,58,p1,setup,repeated_setup_5
77,59,p1,setup,repeated_setup_5
77,60,p1,setup,repeated_setup_5
77,61,p1,setup,repeated_setup_5
77,62,p1,setup,repeated_setup_5
77,63,p1,setup,repeated_setup_5
77,64,p1,setup,repeated_setup_5
77,65,p1,setup,repeated_setup_5
77,66,p1,setup,repeated_setup_5
77,67,p1,recovery,full_hp_recover
77,68,p1,recovery,full_hp_recover
77,69,p1,recovery,full_hp_recover
77,70,p1,recovery,full_hp_recover
77,71,p1,recovery,full_hp_recover
77,72,p1,recovery,full_hp_recover
77,73,p1,recovery,full_hp_recover
77,74,p1,recovery,full_hp_recover
77,75,p1,recovery,full_hp_recover
77,76,p1,recovery,full_hp_recover
77,77,p1,recovery,full_hp_recover
77,78,p1,recovery,full_hp_recover
77,79,p1,recovery,full_hp_recover
77,80,p1,recovery,full_hp_recover
77,81,p1,recovery,full_hp_recover
77,82,p1,switch,voluntary_switch
77,83,p1,attack,neutral_attack
100,0,p1,switch,voluntary_switch
100,1,p1,attack,neutral_attack
100,2,p1,attack,neutral_attack
100,3,p1,attack,neutral_attack
100,4,p1,attack,neutral_attack
100,5,p1,attack,neutral_attack
100,6,p1,attack,neutral_attack
100,7,p1,attack,neutral_attack
100,8,p1,attack,neutral_attack
100,9,p1,switch,forced_switch
100,10,p1,attack,neutral_attack
100,11,p1,attack,neutral_attack
100,12,p1,attack,neutral_attack
100,13,p1,attack,neutral_attack
100,14,p1,attack,neutral_attack
100,15,p1,attack,neutral_attack
98,0,p1,attack,neutral_attack
98,1,p1,attack,neutral_attack
98,2,p1,attack,neutral_attack
98,3,p1,attack,neutral_attack
98,4,p1,attack,neutral_attack
98,5,p1,attack,neutral_attack
98,6,p1,attack,neutral_attack
98,7,p1,attack,neutral_attack
98,8,p1,attack,neutral_attack
98,9,p1,attack,neutral_attack
98,10,p1,switch,forced_switch
98,11,p1,attack,neutral_attack
98,12,p1,attack,neutral_attack
98,13,p1,attack,neutral_attack
98,14,p1,attack,super_effective_attack
98,15,p1,attack,neutral_attack
98,16,p1,attack,neutral_attack
98,17,p1,attack,neutral_attack
98,18,p1,attack,neutral_attack
98,19,p1,switch,forced_switch
98,20,p1,attack,neutral_attack
98,21,p1,attack,neutral_attack
98,22,p1,attack,neutral_attack
97,0,p1,attack,neutral_attack
97,1,p1,attack,neutral_attack
97,2,p1,attack,neutral_attack
97,3,p1,attack,neutral_attack
97,4,p1,attack,neutral_attack
97,5,p1,attack,neutral_attack
97,6,p1,attack,neutral_attack
97,7,p1,attack,neutral_attack
97,8,p1,attack,neutral_attack
97,9,p1,attack,neutral_attack
97,10,p1,attack,neutral_attack
97,11,p1,attack,neutral_attack
97,12,p1,attack,neutral_attack
97,13,p1,attack,neutral_attack
97,14,p1,attack,neutral_attack
97,15,p1,attack,neutral_attack
97,16,p1,switch,forced_switch
97,17,p1,attack,neutral_attack
97,18,p1,attack,neutral_attack
97,19,p1,attack,neutral_attack
97,20,p1,attack,neutral_attack
97,21,p1,attack,neutral_attack
97,22,p1,attack,neutral_attack
97,23,p1,attack,neutral_attack
97,24,p1,attack,neutral_attack
97,25,p1,attack,neutral_attack
97,26,p1,attack,neutral_attack
97,27,p1,attack,neutral_attack
97,28,p1,switch,forced_switch
97,29,p1,attack,neutral_attack
99,0,p1,attack,neutral_attack
99,1,p1,attack,neutral_attack
99,2,p1,attack,neutral_attack
99,3,p1,attack,neutral_attack
99,4,p1,attack,neutral_attack
99,5,p1,switch,forced_switch
99,6,p1,attack,neutral_attack
99,7,p1,attack,neutral_attack
99,8,p1,attack,neutral_attack
99,9,p1,attack,neutral_attack
99,10,p1,attack,neutral_attack
99,11,p1,attack,neutral_attack
99,12,p1,attack,neutral_attack
99,13,p1,attack,neutral_attack
99,14,p1,attack,neutral_attack
99,15,p1,attack,neutral_attack
99,16,p1,attack,neutral_attack
99,17,p1,attack,neutral_attack
99,18,p1,attack,neutral_attack
99,19,p1,attack,neutral_attack
99,20,p1,attack,neutral_attack
99,21,p1,switch,forced_switch
99,22,p1,attack,neutral_attack
101,0,p1,attack,neutral_attack
101,1,p1,attack,neutral_attack
101,2,p1,attack,neutral_attack
101,3,p1,switch,forced_switch
101,4,p1,attack,neutral_attack
101,5,p1,attack,neutral_attack
101,6,p1,switch,forced_switch
101,7,p1,attack,neutral_attack
101,8,p1,attack,neutral_attack
101,9,p1,attack,neutral_attack
101,10,p1,attack,neutral_attack
101,11,p1,attack,neutral_attack
101,12,p1,attack,neutral_attack
101,13,p1,attack,neutral_attack
101,14,p1,attack,neutral_attack
101,15,p1,switch,forced_switch
101,16,p1,attack,neutral_attack
101,17,p1,attack,neutral_attack
101,18,p1,attack,super_effective_attack
101,19,p1,attack,neutral_attack
102,0,p1,attack,neutral_attack
102,1,p1,attack,neutral_attack
102,2,p1,attack,neutral_attack
102,3,p1,attack,neutral_attack
102,4,p1,attack,neutral_attack
102,5,p1,attack,neutral_attack
102,6,p1,attack,neutral_attack
102,7,p1,attack,neutral_attack
102,8,p1,attack,neutral_attack
102,9,p1,attack,neutral_attack
102,10,p1,attack,neutral_attack
102,11,p1,attack,neutral_attack
102,12,p1,attack,neutral_attack
102,13,p1,attack,neutral_attack
102,14,p1,attack,neutral_attack
102,15,p1,attack,neutral_attack
102,16,p1,attack,neutral_attack
102,17,p1,attack,neutral_attack
102,18,p1,attack,neutral_attack
102,19,p1,attack,neutral_attack
102,20,p1,attack,neutral_attack
102,21,p1,switch,forced_switch
102,22,p1,attack,neutral_attack
91,0,p1,attack,neutral_attack
91,1,p1,attack,neutral_attack
91,2,p1,attack,neutral_attack
91,3,p1,attack,neutral_attack
91,4,p1,attack,neutral_attack
91,5,p1,attack,neutral_attack
91,6,p1,attack,neutral_attack
91,7,p1,attack,neutral_attack
91,8,p1,attack,neutral_attack
91,9,p1,attack,neutral_attack
91,10,p1,attack,neutral_attack
91,11,p1,attack,neutral_attack
91,12,p1,attack,neutral_attack
91,13,p1,attack,neutral_attack
91,14,p1,attack,neutral_attack
91,15,p1,attack,neutral_attack
91,16,p1,attack,neutral_attack
91,17,p1,attack,neutral_attack
91,18,p1,attack,neutral_attack
91,19,p1,switch,forced_switch
91,20,p1,attack,neutral_attack
91,21,p1,attack,neutral_attack
91,22,p1,attack,neutral_attack
91,23,p1,attack,neutral_attack
91,24,p1,attack,neutral_attack
91,25,p1,attack,neutral_attack
91,26,p1,attack,neutral_attack
91,27,p1,attack,neutral_attack
91,28,p1,attack,neutral_attack
91,29,p1,attack,neutral_attack
91,30,p1,attack,neutral_attack
91,31,p1,attack,neutral_attack
91,32,p1,attack,neutral_attack
91,33,p1,attack,neutral_attack
91,34,p1,attack,neutral_attack
91,35,p1,attack,neutral_attack
91,36,p1,attack,super_effective_attack
91,37,p1,attack,super_effective_attack
91,38,p1,attack,super_effective_attack
91,39,p1,attack,super_effective_attack
91,40,p1,attack,super_effective_attack
91,41,p1,attack,super_effective_attack
91,42,p1,attack,super_effective_attack
91,43,p1,attack,super_effective_attack
91,44,p1,attack,super_effective_attack
91,45,p1,switch,forced_switch
91,46,p1,attack,neutral_attack
91,47,p1,attack,neutral_attack
91,48,p1,attack,neutral_attack
91,49,p1,attack,neutral_attack
91,50,p1,attack,neutral_attack
91,51,p1,attack,neutral_attack
91,52,p1,attack,neutral_attack
91,53,p1,attack,neutral_attack
104,0,p1,attack,neutral_attack
104,1,p1,attack,neutral_attack
104,2,p1,attack,neutral_attack
104,3,p1,attack,neutral_attack
104,4,p1,attack,neutral_attack
104,5,p1,switch,forced_switch
104,6,p1,attack,neutral_attack
104,7,p1,attack,neutral_attack
104,8,p1,attack,neutral_attack
104,9,p1,attack,neutral_attack
104,10,p1,attack,neutral_attack
104,11,p1,attack,neutral_attack
104,12,p1,attack,neutral_attack
104,13,p1,switch,forced_switch
104,14,p1,attack,neutral_attack
104,15,p1,attack,neutral_attack
104,16,p1,attack,neutral_attack
104,17,p1,attack,neutral_attack
104,18,p1,attack,neutral_attack
104,19,p1,switch,forced_switch
104,20,p1,attack,neutral_attack
104,21,p1,attack,neutral_attack
105,0,p1,attack,neutral_attack
105,1,p1,attack,neutral_attack
105,2,p1,attack,neutral_attack
105,3,p1,attack,neutral_attack
105,4,p1,attack,neutral_attack
105,5,p1,attack,neutral_attack
105,6,p1,attack,neutral_attack
105,7,p1,attack,neutral_attack
105,8,p1,attack,neutral_attack
105,9,p1,attack,neutral_attack
105,10,p1,attack,neutral_attack
105,11,p1,attack,neutral_attack
105,12,p1,attack,neutral_attack
105,13,p1,attack,neutral_attack
105,14,p1,switch,forced_switch
105,15,p1,attack,neutral_attack
105,16,p1,attack,neutral_attack
105,17,p1,attack,neutral_attack
105,18,p1,attack,neutral_attack
106,0,p1,attack,neutral_attack
106,1,p1,attack,neutral_attack
106,2,p1,attack,neutral_attack
106,3,p1,attack,neutral_attack
106,4,p1,attack,neutral_attack
106,5,p1,switch,forced_switch
106,6,p1,attack,neutral_attack
106,7,p1,attack,neutral_attack
106,8,p1,attack,neutral_attack
106,9,p1,attack,neutral_attack
106,10,p1,switch,forced_switch
106,11,p1,attack,neutral_attack
106,12,p1,attack,neutral_attack
106,13,p1,attack,neutral_attack
106,14,p1,attack,neutral_attack
106,15,p1,attack,neutral_attack
106,16,p1,attack,neutral_attack
106,17,p1,attack,neutral_attack
106,18,p1,switch,forced_switch
106,19,p1,attack,neutral_attack
107,0,p1,attack,neutral_attack
107,1,p1,attack,neutral_attack
107,2,p1,attack,neutral_attack
107,3,p1,attack,neutral_attack
107,4,p1,attack,neutral_attack
107,5,p1,attack,neutral_attack
107,6,p1,attack,neutral_attack
107,7,p1,attack,neutral_attack
107,8,p1,attack,neutral_attack
107,9,p1,attack,neutral_attack
107,10,p1,attack,neutral_attack
107,11,p1,attack,neutral_attack
107,12,p1,attack,neutral_attack
107,13,p1,attack,neutral_attack
107,14,p1,attack,neutral_attack
107,15,p1,attack,neutral_attack
107,16,p1,attack,neutral_attack
107,17,p1,attack,neutral_attack
107,18,p1,attack,neutral_attack
107,19,p1,attack,neutral_attack
107,20,p1,attack,neutral_attack
107,21,p1,attack,neutral_attack
107,22,p1,switch,forced_switch
107,23,p1,attack,neutral_attack
103,0,p1,attack,neutral_attack
103,1,p1,attack,neutral_attack
103,2,p1,attack,neutral_attack
103,3,p1,attack,neutral_attack
103,4,p1,attack,neutral_attack
103,5,p1,attack,neutral_attack
103,6,p1,attack,neutral_attack
103,7,p1,attack,neutral_attack
103,8,p1,attack,neutral_attack
103,9,p1,attack,neutral_attack
103,10,p1,attack,neutral_attack
103,11,p1,attack,neutral_attack
103,12,p1,attack,neutral_attack
103,13,p1,switch,forced_switch
103,14,p1,attack,neutral_attack
103,15,p1,attack,neutral_attack
103,16,p1,attack,neutral_attack
103,17,p1,attack,neutral_attack
103,18,p1,attack,neutral_attack
103,19,p1,attack,neutral_attack
103,20,p1,attack,neutral_attack
103,21,p1,attack,neutral_attack
103,22,p1,attack,neutral_attack
103,23,p1,attack,neutral_attack
103,24,p1,attack,neutral_attack
103,25,p1,attack,neutral_attack
103,26,p1,attack,neutral_attack
103,27,p1,attack,neutral_attack
103,28,p1,switch,forced_switch
103,29,p1,attack,neutral_attack
103,30,p1,attack,neutral_attack
103,31,p1,attack,neutral_attack
103,32,p1,attack,neutral_attack
103,33,p1,attack,neutral_attack
103,34,p1,attack,neutral_attack
103,35,p1,attack,neutral_attack
103,36,p1,attack,neutral_attack
103,37,p1,switch,forced_switch
103,38,p1,attack,neutral_attack
110,0,p1,attack,neutral_attack
110,1,p1,attack,neutral_attack
110,2,p1,attack,neutral_attack
110,3,p1,switch,forced_switch
110,4,p1,attack,neutral_attack
110,5,p1,attack,neutral_attack
110,6,p1,attack,neutral_attack
110,7,p1,attack,neutral_attack
110,8,p1,attack,neutral_attack
110,9,p1,attack,neutral_attack
110,10,p1,attack,neutral_attack
110,11,p1,switch,forced_switch
110,12,p1,attack,neutral_attack
110,13,p1,switch,voluntary_switch
110,14,p1,attack,neutral_attack
110,15,p1,attack,neutral_attack
110,16,p1,attack,neutral_attack
110,17,p1,switch,forced_switch
110,18,p1,attack,neutral_attack
109,0,p1,attack,neutral_attack
109,1,p1,hazard,first_placement
109,2,p1,hazard,first_placement
109,3,p1,hazard,first_placement
109,4,p1,switch,voluntary_switch
109,5,p1,switch,forced_switch
109,6,p1,attack,neutral_attack
109,7,p1,attack,neutral_attack
109,8,p1,attack,neutral_attack
109,9,p1,attack,neutral_attack
109,10,p1,switch,forced_switch
109,11,p1,attack,neutral_attack
109,12,p1,attack,neutral_attack
109,13,p1,attack,neutral_attack
109,14,p1,attack,neutral_attack
109,15,p1,attack,neutral_attack
109,16,p1,attack,neutral_attack
109,17,p1,attack,neutral_attack
109,18,p1,attack,neutral_attack
109,19,p1,switch,forced_switch
109,20,p1,attack,neutral_attack
109,21,p1,unknown,unparseable_move
109,22,p1,unknown,unparseable_move
111,0,p1,attack,neutral_attack
111,1,p1,attack,neutral_attack
111,2,p1,attack,neutral_attack
111,3,p1,switch,voluntary_switch
111,4,p1,attack,neutral_attack
111,5,p1,attack,resisted_attack
111,6,p1,attack,resisted_attack
111,7,p1,attack,resisted_attack
111,8,p1,attack,resisted_attack
111,9,p1,attack,resisted_attack
111,10,p1,attack,resisted_attack
111,11,p1,attack,neutral_attack
111,12,p1,attack,neutral_attack
111,13,p1,attack,neutral_attack
111,14,p1,attack,neutral_attack
108,0,p1,attack,neutral_attack
108,1,p1,attack,neutral_attack
108,2,p1,attack,neutral_attack
108,3,p1,switch,voluntary_switch
108,4,p1,attack,neutral_attack
108,5,p1,attack,neutral_attack
108,6,p1,attack,neutral_attack
108,7,p1,attack,neutral_attack
108,8,p1,attack,neutral_attack
108,9,p1,attack,neutral_attack
108,10,p1,attack,neutral_attack
108,11,p1,attack,neutral_attack
108,12,p1,attack,neutral_attack
108,13,p1,attack,neutral_attack
108,14,p1,attack,neutral_attack
108,15,p1,attack,neutral_attack
108,16,p1,attack,neutral_attack
108,17,p1,attack,neutral_attack
108,18,p1,switch,voluntary_switch
108,19,p1,attack,neutral_attack
108,20,p1,attack,neutral_attack
108,21,p1,attack,neutral_attack
108,22,p1,attack,neutral_attack
108,23,p1,attack,neutral_attack
108,24,p1,attack,neutral_attack
108,25,p1,attack,neutral_attack
108,26,p1,switch,forced_switch
108,27,p1,attack,neutral_attack
108,28,p1,attack,neutral_attack
108,29,p1,attack,neutral_attack
108,30,p1,attack,neutral_attack
108,31,p1,attack,neutral_attack
108,32,p1,switch,forced_switch
108,33,p1,attack,neutral_attack
115,0,p1,attack,neutral_attack
115,1,p1,attack,neutral_attack
115,2,p1,switch,voluntary_switch
115,3,p1,attack,neutral_attack
115,4,p1,attack,neutral_attack
115,5,p1,attack,neutral_attack
115,6,p1,attack,neutral_attack
115,7,p1,attack,neutral_attack
115,8,p1,attack,neutral_attack
115,9,p1,attack,neutral_attack
115,10,p1,attack,neutral_attack
115,11,p1,attack,neutral_attack
115,12,p1,attack,neutral_attack
115,13,p1,attack,neutral_attack
115,14,p1,attack,neutral_attack
118,0,p1,attack,neutral_attack
118,1,p1,attack,neutral_attack
118,2,p1,attack,neutral_attack
118,3,p1,attack,neutral_attack
118,4,p1,switch,forced_switch
118,5,p1,attack,neutral_attack
118,6,p1,attack,neutral_attack
118,7,p1,attack,neutral_attack
118,8,p1,attack,neutral_attack
118,9,p1,attack,neutral_attack
118,10,p1,attack,neutral_attack
118,11,p1,attack,neutral_attack
118,12,p1,attack,neutral_attack
118,13,p1,attack,neutral_attack
118,14,p1,attack,neutral_attack
118,15,p1,attack,neutral_attack
118,16,p1,switch,forced_switch
118,17,p1,attack,neutral_attack
116,0,p1,attack,neutral_attack
116,1,p1,attack,neutral_attack
116,2,p1,attack,neutral_attack
116,3,p1,attack,neutral_attack
116,4,p1,attack,neutral_attack
116,5,p1,attack,neutral_attack
116,6,p1,attack,neutral_attack
116,7,p1,attack,neutral_attack
116,8,p1,attack,neutral_attack
116,9,p1,switch,voluntary_switch
116,10,p1,attack,neutral_attack
116,11,p1,attack,neutral_attack
116,12,p1,attack,neutral_attack
116,13,p1,attack,neutral_attack
116,14,p1,attack,neutral_attack
116,15,p1,attack,neutral_attack
116,16,p1,attack,neutral_attack
116,17,p1,attack,neutral_attack
116,18,p1,attack,neutral_attack
116,19,p1,switch,forced_switch
116,20,p1,attack,neutral_attack
113,0,p1,attack,neutral_attack
113,1,p1,attack,neutral_attack
113,2,p1,attack,neutral_attack
113,3,p1,attack,neutral_attack
113,4,p1,attack,neutral_attack
113,5,p1,attack,neutral_attack
113,6,p1,switch,forced_switch
113,7,p1,attack,neutral_attack
113,8,p1,unknown,unparseable_move
113,9,p1,attack,neutral_attack
113,10,p1,attack,neutral_attack
113,11,p1,unknown,unparseable_move
113,12,p1,attack,neutral_attack
113,13,p1,attack,neutral_attack
113,14,p1,attack,neutral_attack
113,15,p1,attack,neutral_attack
113,16,p1,attack,neutral_attack
113,17,p1,attack,neutral_attack
113,18,p1,unknown,unparseable_move
113,19,p1,unknown,unparseable_move
113,20,p1,attack,neutral_attack
113,21,p1,switch,forced_switch
113,22,p1,attack,neutral_attack
113,23,p1,attack,neutral_attack
113,24,p1,attack,neutral_attack
113,25,p1,switch,forced_switch
113,26,p1,attack,neutral_attack
113,27,p1,attack,neutral_attack
113,28,p1,attack,neutral_attack
113,29,p1,attack,neutral_attack
113,30,p1,attack,neutral_attack
114,0,p1,attack,neutral_attack
114,1,p1,attack,neutral_attack
114,2,p1,attack,neutral_attack
114,3,p1,attack,neutral_attack
114,4,p1,attack,neutral_attack
114,5,p1,attack,neutral_attack
114,6,p1,attack,neutral_attack
114,7,p1,attack,neutral_attack
114,8,p1,attack,neutral_attack
114,9,p1,attack,neutral_attack
114,10,p1,switch,forced_switch
114,11,p1,attack,neutral_attack
114,12,p1,attack,neutral_attack
114,13,p1,switch,forced_switch
114,14,p1,attack,resisted_attack
114,15,p1,attack,resisted_attack
114,16,p1,attack,resisted_attack
114,17,p1,attack,neutral_attack
114,18,p1,attack,neutral_attack
114,19,p1,attack,neutral_attack
114,20,p1,attack,neutral_attack
114,21,p1,attack,neutral_attack
114,22,p1,attack,resisted_attack
114,23,p1,attack,neutral_attack
114,24,p1,attack,resisted_attack
114,25,p1,attack,resisted_attack
114,26,p1,attack,resisted_attack
117,0,p1,attack,neutral_attack
117,1,p1,switch,forced_switch
117,2,p1,attack,neutral_attack
117,3,p1,attack,neutral_attack
117,4,p1,attack,neutral_attack
117,5,p1,attack,neutral_attack
117,6,p1,attack,neutral_attack
117,7,p1,attack,neutral_attack
117,8,p1,attack,neutral_attack
117,9,p1,attack,neutral_attack
117,10,p1,attack,neutral_attack
117,11,p1,switch,forced_switch
117,12,p1,attack,neutral_attack
117,13,p1,attack,neutral_attack
117,14,p1,attack,neutral_attack
117,15,p1,attack,neutral_attack
117,16,p1,attack,neutral_attack
117,17,p1,attack,neutral_attack
117,18,p1,switch,forced_switch
117,19,p1,attack,super_effective_attack
117,20,p1,attack,super_effective_attack
117,21,p1,attack,super_effective_attack
117,22,p1,attack,super_effective_attack
117,23,p1,attack,super_effective_attack
117,24,p1,attack,super_effective_attack
117,25,p1,attack,super_effective_attack
119,0,p1,attack,neutral_attack
119,1,p1,attack,neutral_attack
119,2,p1,attack,neutral_attack
119,3,p1,attack,neutral_attack
119,4,p1,attack,neutral_attack
119,5,p1,attack,neutral_attack
119,6,p1,attack,neutral_attack
119,7,p1,attack,neutral_attack
119,8,p1,attack,neutral_attack
119,9,p1,switch,voluntary_switch
119,10,p1,attack,neutral_attack
119,11,p1,attack,neutral_attack
119,12,p1,switch,voluntary_switch
119,13,p1,attack,neutral_attack
119,14,p1,attack,neutral_attack
119,15,p1,attack,neutral_attack
119,16,p1,attack,neutral_attack
119,17,p1,switch,forced_switch
119,18,p1,attack,neutral_attack
119,19,p1,switch,forced_switch
119,20,p1,attack,neutral_attack
119,21,p1,attack,neutral_attack
119,22,p1,attack,neutral_attack
112,0,p1,attack,neutral_attack
112,1,p1,attack,neutral_attack
112,2,p1,attack,neutral_attack
112,3,p1,attack,neutral_attack
112,4,p1,attack,neutral_attack
112,5,p1,attack,neutral_attack
112,6,p1,attack,neutral_attack
112,7,p1,attack,neutral_attack
112,8,p1,attack,neutral_attack
112,9,p1,attack,neutral_attack
112,10,p1,attack,neutral_attack
112,11,p1,attack,neutral_attack
112,12,p1,attack,neutral_attack
112,13,p1,attack,neutral_attack
112,14,p1,attack,neutral_attack
112,15,p1,attack,neutral_attack
112,16,p1,attack,neutral_attack
112,17,p1,attack,neutral_attack
112,18,p1,attack,neutral_attack
112,19,p1,attack,neutral_attack
112,20,p1,attack,neutral_attack
112,21,p1,attack,neutral_attack
112,22,p1,attack,neutral_attack
112,23,p1,attack,neutral_attack
112,24,p1,attack,neutral_attack
112,25,p1,attack,neutral_attack
112,26,p1,attack,neutral_attack
112,27,p1,attack,neutral_attack
112,28,p1,attack,neutral_attack
112,29,p1,attack,neutral_attack
112,30,p1,attack,neutral_attack
112,31,p1,attack,neutral_attack
112,32,p1,attack,neutral_attack
112,33,p1,attack,neutral_attack
112,34,p1,attack,neutral_attack
112,35,p1,attack,neutral_attack
112,36,p1,attack,neutral_attack
112,37,p1,attack,neutral_attack
112,38,p1,switch,voluntary_switch
112,39,p1,attack,neutral_attack
112,40,p1,attack,neutral_attack
112,41,p1,attack,neutral_attack
112,42,p1,attack,neutral_attack
120,0,p1,attack,neutral_attack
120,1,p1,unknown,unparseable_move
120,2,p1,attack,neutral_attack
120,3,p1,unknown,unparseable_move
120,4,p1,attack,neutral_attack
120,5,p1,unknown,unparseable_move
120,6,p1,attack,neutral_attack
120,7,p1,unknown,unparseable_move
120,8,p1,switch,forced_switch
120,9,p1,attack,neutral_attack
120,10,p1,attack,neutral_attack
120,11,p1,attack,neutral_attack
120,12,p1,attack,neutral_attack
120,13,p1,attack,neutral_attack
120,14,p1,attack,neutral_attack
120,15,p1,attack,neutral_attack
120,16,p1,attack,neutral_attack
120,17,p1,attack,neutral_attack
120,18,p1,attack,neutral_attack
120,19,p1,switch,forced_switch
120,20,p1,attack,neutral_attack
125,0,p1,attack,neutral_attack
125,1,p1,attack,neutral_attack
125,2,p1,attack,neutral_attack
125,3,p1,attack,neutral_attack
125,4,p1,attack,neutral_attack
125,5,p1,attack,neutral_attack
125,6,p1,attack,neutral_attack
125,7,p1,attack,neutral_attack
122,0,p1,attack,neutral_attack
122,1,p1,attack,neutral_attack
122,2,p1,attack,neutral_attack
122,3,p1,attack,neutral_attack
122,4,p1,attack,neutral_attack
122,5,p1,attack,neutral_attack
122,6,p1,attack,neutral_attack
122,7,p1,switch,forced_switch
122,8,p1,attack,neutral_attack
122,9,p1,attack,neutral_attack
122,10,p1,attack,neutral_attack
122,11,p1,attack,neutral_attack
122,12,p1,attack,neutral_attack
122,13,p1,switch,forced_switch
122,14,p1,attack,neutral_attack
122,15,p1,switch,forced_switch
122,16,p1,attack,neutral_attack
121,0,p1,switch,voluntary_switch
121,1,p1,attack,neutral_attack
121,2,p1,attack,neutral_attack
121,3,p1,attack,neutral_attack
121,4,p1,attack,neutral_attack
121,5,p1,attack,neutral_attack
121,6,p1,switch,forced_switch
121,7,p1,attack,neutral_attack
121,8,p1,attack,neutral_attack
121,9,p1,attack,neutral_attack
121,10,p1,attack,neutral_attack
121,11,p1,attack,neutral_attack
121,12,p1,switch,forced_switch
121,13,p1,attack,neutral_attack
121,14,p1,attack,neutral_attack
121,15,p1,attack,neutral_attack
121,16,p1,attack,neutral_attack
121,17,p1,attack,neutral_attack
121,18,p1,attack,neutral_attack
121,19,p1,attack,neutral_attack
124,0,p1,switch,voluntary_switch
124,1,p1,attack,super_effective_attack
124,2,p1,attack,neutral_attack
124,3,p1,attack,super_effective_attack
124,4,p1,attack,super_effective_attack
124,5,p1,attack,neutral_attack
124,6,p1,attack,neutral_attack
124,7,p1,attack,neutral_attack
124,8,p1,attack,neutral_attack
124,9,p1,attack,neutral_attack
124,10,p1,attack,neutral_attack
124,11,p1,attack,neutral_attack
124,12,p1,switch,forced_switch
124,13,p1,attack,neutral_attack
124,14,p1,attack,neutral_attack
124,15,p1,unknown,unparseable_move
124,16,p1,attack,neutral_attack
124,17,p1,unknown,unparseable_move
127,0,p1,attack,neutral_attack
127,1,p1,attack,neutral_attack
127,2,p1,attack,neutral_attack
127,3,p1,attack,neutral_attack
127,4,p1,attack,neutral_attack
127,5,p1,switch,forced_switch
127,6,p1,attack,neutral_attack
127,7,p1,attack,super_effective_attack
127,8,p1,attack,neutral_attack
127,9,p1,attack,neutral_attack
127,10,p1,attack,neutral_attack
127,11,p1,attack,neutral_attack
127,12,p1,attack,neutral_attack
127,13,p1,attack,neutral_attack
127,14,p1,attack,neutral_attack
127,15,p1,attack,neutral_attack
127,16,p1,attack,neutral_attack
127,17,p1,attack,neutral_attack
127,18,p1,attack,neutral_attack
127,19,p1,attack,neutral_attack
127,20,p1,attack,neutral_attack
126,0,p1,attack,neutral_attack
126,1,p1,attack,neutral_attack
126,2,p1,attack,neutral_attack
126,3,p1,attack,neutral_attack
126,4,p1,attack,neutral_attack
126,5,p1,attack,neutral_attack
126,6,p1,switch,no_move_options_switch
126,7,p1,attack,neutral_attack
126,8,p1,attack,neutral_attack
126,9,p1,attack,neutral_attack
126,10,p1,switch,forced_switch
126,11,p1,attack,neutral_attack
126,12,p1,attack,neutral_attack
126,13,p1,attack,neutral_attack
126,14,p1,attack,neutral_attack
126,15,p1,attack,neutral_attack
126,16,p1,switch,forced_switch
126,17,p1,attack,neutral_attack
126,18,p1,unknown,unparseable_move
126,19,p1,unknown,unparseable_move
126,20,p1,attack,neutral_attack
126,21,p1,switch,forced_switch
126,22,p1,attack,neutral_attack
126,23,p1,attack,neutral_attack
126,24,p1,attack,neutral_attack
123,0,p1,attack,neutral_attack
123,1,p1,attack,neutral_attack
123,2,p1,attack,neutral_attack
123,3,p1,attack,neutral_attack
123,4,p1,attack,neutral_attack
123,5,p1,attack,neutral_attack
123,6,p1,switch,voluntary_switch
123,7,p1,attack,neutral_attack
123,8,p1,attack,neutral_attack
123,9,p1,attack,neutral_attack
123,10,p1,attack,neutral_attack
123,11,p1,attack,neutral_attack
123,12,p1,attack,neutral_attack
123,13,p1,attack,neutral_attack
123,14,p1,attack,neutral_attack
123,15,p1,switch,no_move_options_switch
123,16,p1,attack,neutral_attack
123,17,p1,switch,forced_switch
123,18,p1,attack,neutral_attack
123,19,p1,switch,forced_switch
123,20,p1,attack,neutral_attack
123,21,p1,attack,neutral_attack
123,22,p1,attack,neutral_attack
123,23,p1,switch,forced_switch
123,24,p1,attack,neutral_attack
123,25,p1,switch,forced_switch
123,26,p1,attack,neutral_attack
123,27,p1,attack,neutral_attack
123,28,p1,switch,forced_switch
123,29,p1,attack,neutral_attack
123,30,p1,attack,neutral_attack
123,31,p1,attack,neutral_attack
123,32,p1,attack,neutral_attack
123,33,p1,attack,neutral_attack
123,34,p1,attack,neutral_attack
123,35,p1,attack,neutral_attack
